path,size,mtime,sha256
ActorSafetyLists/9.5220.3721/_metadata/verified_contents.json,1766,1785706282,c70f14691dd8bc69bfa3302e3b4b2fc4d5c8fec178909dc2b1973e401e04f5ff
ActorSafetyLists/9.5220.3721/listdata.json,2645951,1785706282,6ee96ce2e55a80cde09b460049a4eb87f7d1e56510c7bba75b23d0b88c7c69ee
ActorSafetyLists/9.5220.3721/manifest.json,82,1785706282,15b76e26b3c8d083448d6fc8aecd353a071eeefa5d33f3508bfaef801c1f8e14
AmountExtractionHeuristicRegexes/4/_metadata/verified_contents.json,1770,1785706286,7b6a0e35b924a1a8ec78a59d4d5ead7cb73fcfe03d946c3a4a70ba17f81ade03
AmountExtractionHeuristicRegexes/4/heuristic_regexes.binarypb,633,1785706286,a10f65d7e0d56702d6f08850c8bee9bd51af17f4be051900ff2b88c9217e425f
AmountExtractionHeuristicRegexes/4/manifest.json,94,1785706286,95a2b0748baee70740ff2d5da78f98b5a29950562f989591f0b0b5bf13354b85
BrowserMetrics-spare.pma,4194304,1785706300,bb9f8df61474d25e71fa00722318cd387396ca1736605e1248821cc0de3d3af8
CaptchaProviders/8.5419.4434/_metadata/verified_contents.json,1778,1785706288,54c040ee0e23c3878308a505e28a6c616a321adae3690695b37af7b86a1a0e3c
CaptchaProviders/8.5419.4434/captcha_providers.json,414,1785706288,9e389af6a5bbbdaf1d162eb8f54f6db6fcd33e070b3958c4330b185152847281
CaptchaProviders/8.5419.4434/manifest.json,91,1785706288,738bc3a347d6ffbcaad9fc9db10a11059993886d214c56025cc978207e759cde
CertificateRevocation/10690/LICENSE,1558,1785706280,3dbd2c90050b652d63656481c3e5871c52261575292db77d4ea63419f187a55b
CertificateRevocation/10690/_metadata/verified_contents.json,1512,1785706280,11d2bf565f1c72468fe2424871edcafc45f880906fe7e4a665197f660034ccce
CertificateRevocation/10690/crl-set,1592743,1785706280,b03f1b4c07a450e767898a1c1e36f864d72519d7f2db7309e8e317d29ac2f67b
CertificateRevocation/10690/manifest.json,95,1785706280,27595dc8f0150e82950f293b6fd6f210e0957aaa4603e83c70d785391b29dcbc
ChromeFeatureState,271,1785706211,1caf7153f461333a1356a49333672d49a7f5543a8f323fb8a39a83125cbf0fac
Crowd Deny/2026.7.30.63/Preload Data,292216,1785706283,647737fb681ccea1b3e35ac359260515300d88311a5e4f2280f8058bb89c3128
Crowd Deny/2026.7.30.63/_metadata/verified_contents.json,1766,1785706283,301bf8a96e6bf59e9fe056ac0aaf4904b19577ee5ae02241640232ac405192b2
Crowd Deny/2026.7.30.63/manifest.json,108,1785706283,009e79c0825fdff26fdce637ce051ca1cf87b2fced2a3246402c370372197f02
Default/Account Web Data,77824,1785706211,b671fc77f2eab823e977a4d842eaa80acefcc4a7fc205a76766a96f5196e65a8
Default/Account Web Data-journal,0,1785706211,e3b0c44298fc1c149afbf4c8996fb92427ae41e4649b934ca495991b7852b855
Default/Affiliation Database,53248,1785706211,687908afd0adf027324f343db40bdaceefe64afec45a24f08286b91f2d1bb181
Default/Affiliation Database-journal,0,1785706211,e3b0c44298fc1c149afbf4c8996fb92427ae41e4649b934ca495991b7852b855
Default/AutofillAiModelCache/LOCK,0,1785706213,e3b0c44298fc1c149afbf4c8996fb92427ae41e4649b934ca495991b7852b855
Default/AutofillAiModelCache/LOG,0,1785706213,e3b0c44298fc1c149afbf4c8996fb92427ae41e4649b934ca495991b7852b855
Default/AutofillStrikeDatabase/LOCK,0,1785706213,e3b0c44298fc1c149afbf4c8996fb92427ae41e4649b934ca495991b7852b855
Default/AutofillStrikeDatabase/LOG,0,1785706213,e3b0c44298fc1c149afbf4c8996fb92427ae41e4649b934ca495991b7852b855
Default/BookmarkMergedSurfaceOrdering,4,1785706213,d914176fd50bd7f565700006a31aa97b79d3ad17cee20c8e5ff2061d5cb74817
Default/BrowsingTopicsSiteData,28672,1785706213,71a956cf71030a295cc2e0ee4694be069de8739d39150dee5ce685eff32f75b7
Default/BrowsingTopicsSiteData-journal,0,1785706213,e3b0c44298fc1c149afbf4c8996fb92427ae41e4649b934ca495991b7852b855
Default/BrowsingTopicsState,402,1785706216,fdcd0561bbb344df777f683e56fd1c895c3b82af8a5ddd599b0a4c70b9571ed3
Default/BudgetDatabase/LOCK,0,1785706213,e3b0c44298fc1c149afbf4c8996fb92427ae41e4649b934ca495991b7852b855
Default/BudgetDatabase/LOG,0,1785706213,e3b0c44298fc1c149afbf4c8996fb92427ae41e4649b934ca495991b7852b855
Default/Cache/Cache_Data/001d6e9cf9cb4dfd_0,2947,1785706225,89b8530726d47c52f3db26029c5db2275ed26e2402c203d92566b3815130dbfc
Default/Cache/Cache_Data/0390b59626841a5e_0,7854,1785706225,ca8bf68ce1419e65218dc4ba545576def67449af7eb0cac6574a763a87453f8e
Default/Cache/Cache_Data/078ad5b64165288c_0,7428,1785706225,01b43759ebd0787a5e54421135c6f7042090d25a00bf10a743816b9856c94abc
Default/Cache/Cache_Data/0c78852becdfba3a_0,7758,1785706225,bb68b5aeef854dde533a64379e57729a09aae098b82d048ff2c6289e5ef3b88e
Default/Cache/Cache_Data/0dd18dbf5fa4901f_0,23095,1785706225,12aed846e82f5e0e3e4619532d6bc0157ecf03224162fd0e1d9a4c570e35bc75
Default/Cache/Cache_Data/12c8b488c6ae976b_0,7389,1785706225,38b150e0b5427ce96e79fd1fd5d816372cc13f6287152baacc2dc6bca32401f8
Default/Cache/Cache_Data/13966bc706d23b9d_0,7392,1785706224,01928043641a023ed654c2f077ceb1dee7b5ee08582cb485488a1182f6769d09
Default/Cache/Cache_Data/17ad448fff954d4e_0,7385,1785706225,6f7834e401d2ff37d297c94d07feb7465d6706b8cb85899e23abd2dd523a4c42
Default/Cache/Cache_Data/1f47eea9cd177b54_0,7407,1785706224,6a115e07986bf9d4b40b157c3331c47afe7260ae90c5faceacbe79e8f9bb5bda
Default/Cache/Cache_Data/1ff1162381927f55_0,7429,1785706225,ca890c3dd664584a2caecb3e369ff91b27e531f9af9b12e7f82dc4961bad9c0b
Default/Cache/Cache_Data/20b27e4e8069966a_0,9881,1785706225,8fd54c280d93f4dbe2d03aadc4dd8d4e989cbf5a9de15e880837f54163be714d
Default/Cache/Cache_Data/222d03c442b0c461_0,8195,1785706225,6b5d75dc6562fc38b44681decfbd7e18f9e71d177781d9ff63c44aac3128cd65
Default/Cache/Cache_Data/22e949d57ca435a7_0,112618,1785706225,eee8bae019b1b838e2138df858d85ead5b0749ba876acdf275425fb39c036171
Default/Cache/Cache_Data/24e99acb5187e0b7_0,7850,1785706225,5dc8c5f99f42ff8bda92d66c692908f988538ef3ba64a4f246cea3100984df76
Default/Cache/Cache_Data/2557a32946a7b9c9_0,123069,1785706225,908bb6e896f2327481357d8058ffabbddb69f7a128a811b08c58847375e53dfe
Default/Cache/Cache_Data/2822dd5d988fa481_0,4150,1785706212,8844f5f647fbb4145309faba2cd0195e4097aad2c8a80f2118ddecaa9a84a1d0
Default/Cache/Cache_Data/2f0945573b74d3c9_0,7184,1785706225,afd2e5565a15841268720f74cd5a19ec052c280951bd749c12526a39d8f312ac
Default/Cache/Cache_Data/31023b1b78b5d0f8_0,7335,1785706225,268ee621a8e06aeeef2ac2193a4ce520de35b5a89ceba81a82bbb187922fea32
Default/Cache/Cache_Data/340bdc081e2a5c60_0,3747,1785706225,0f81f97e7b4a68bf257649bdcdf17565a12241757042b86d5c697b347ba3be8a
Default/Cache/Cache_Data/350ce9b6a35ac1e9_0,20648,1785706212,d1ffa0d0be2e8c97a335269ecb14eb54d3e60f235378cb85ccbf8dc0170ad91f
Default/Cache/Cache_Data/36fe00eeb06a7d6a_0,11074,1785706224,6e036f32f1c197ca293cd220523f82d2b9bc84264c1d645b3e179265af15f733
Default/Cache/Cache_Data/3880f9339cac7304_0,5401,1785706212,8450056d4ab4f46905e7495c03253a7e4bb70c202150bc915d38ab923b151463
Default/Cache/Cache_Data/3968db5e0066379e_0,7487,1785706224,3c32e038eb2dd1e7f1d5f92d950af0ee4b5018f7bd27c1b2ef90c272b2fcf75a
Default/Cache/Cache_Data/39f9fe7f410a4c72_0,7445,1785706224,2f6a6da978e89c0ed9741eddd553a8f5336786822105e85a43cc6dd345af27f9
Default/Cache/Cache_Data/3fac6e6020f2282c_0,7402,1785706225,e16550e574ccd51064926815bb88c2eb87ef35eb4dfd2fc4c45a8e9bd08830f7
Default/Cache/Cache_Data/415ae49ef2a19b46_0,7633,1785706225,134c803c1f91de2babc6751ddae3080598b35abbae7141506fd71af8d93d7563
Default/Cache/Cache_Data/41884454362efb65_0,8211,1785706225,fc842c1a4f779b9318e0bb77447642a003391e42e9e4811e992c8f8e1c132722
Default/Cache/Cache_Data/472d17c84d3223e5_0,7541,1785706225,8f7679f3d3237d75e388c9f251dcebcaa2de40913505df71f2c60b681b333137
Default/Cache/Cache_Data/4dd626ebe075dc48_0,7497,1785706224,d314294df651dfcf78e6aac56aa2dd52a7ee00c6ff8a5d09d36e4ad902ccd6dc
Default/Cache/Cache_Data/4de975fc61362559_0,8329,1785706225,ccc2f54934b8d4dcf010ad72f962471471a10e25617b84373b4dc2127fdee0b3
Default/Cache/Cache_Data/4e053ba3e31467b4_0,7369,1785706225,676aaa88b7cef1eb6b509719d1e28a07f814ab8fcf04bb0b724431b4e8de4030
Default/Cache/Cache_Data/4f4c646f506770e6_0,9197,1785706225,2679d87b1aae568ecf878425e6a8637e9563a628949d1d0078e9d5f4de6c7c63
Default/Cache/Cache_Data/5ad5d7eaed498bea_0,4014,1785706212,fb8c3445d161cd5623d00f3c65c20ce6cf9f34593451ed6d925aaf0b26531d8e
Default/Cache/Cache_Data/5b3041a479254970_0,4192,1785706213,fd5c206311887294c860bd5a66b166c68ed88f216f1e5f794e58cbc7a8d4c2b2
Default/Cache/Cache_Data/5f4b33e80301a40d_0,3568,1785706225,894eb02552173d0febcd4be341c3830c09d344f5db57c7390076797e595eba60
Default/Cache/Cache_Data/635f1687524fdb8d_0,5310,1785706225,d178907e0dbd6cba445641c44dee0993b94de596aa5e3a5debb7230d7072b8a6
Default/Cache/Cache_Data/6957be1b6808b3a0_0,22863,1785706224,eb2965e50ba3fb8560586e2e20f098b94d29d4458a4ae46c61d0751e029511bf
Default/Cache/Cache_Data/6c7105905465dbb1_0,8991,1785706225,6b2f8512843b20dcce049538a3e326a5bcdd448f29a4affdd48cd2fa04713815
Default/Cache/Cache_Data/73699c76b01d39c5_0,7889,1785706224,861500e0b192c9a03ba27b0e6bde314022adf2c8829a98b163fbc70f4399ce6b
Default/Cache/Cache_Data/74f4d2bf99a06f25_0,4003,1785706212,a5258e7d42da32e25918e44e19271d49600b3e1f3c95e0d63574c69489ca7213
Default/Cache/Cache_Data/7a1ff1b74896b414_0,6489,1785706225,0c46dfa9230849ccd360aed4d644e1bdac2cb4d72f4ef1d7ce0a451a6198ac5a
Default/Cache/Cache_Data/7c5aa4724672b0f2_0,7365,1785706225,f3a2a1c34846f6d533737416a80ed6d0b4c0b62c440f2f8b3d23baf492c80360
Default/Cache/Cache_Data/82bbd9f63c36b119_0,7561,1785706224,a0560ec7e09e3c1aea3741a222fa7d70c5a5c3ddd6de4a35cffa127f3da1cebd
Default/Cache/Cache_Data/8b770783e85e1ccc_0,3469,1785706225,9ce32616d2c09b240cd3456170d966666834abc98fd45a54f02c2e809c91cb48
Default/Cache/Cache_Data/8bb75b10e872dc31_0,4014,1785706212,9187aaec519f87720988cffde06219c2ced908ea7a95cfbd74c5b858d7d9b0d3
Default/Cache/Cache_Data/8bc3546ef119ac3d_0,7546,1785706224,168802dd1656983da15aaa48c96a4a66fbff0420a530de2a4d3eb22e2a3c3c3d
Default/Cache/Cache_Data/8c8d04cd37b8330a_0,30725,1785706225,d2ebbda88faa4cd91fc0e79124629ba0bbf6d0e34198ca56ceba974b05b6bda5
Default/Cache/Cache_Data/8e86fc3d07308af0_0,7405,1785706225,48094ebf8142472caea12b8d3d92aedcf8e453c128efb81fb633f46401a7216f
Default/Cache/Cache_Data/8fe6c5f0722ef11d_0,9112,1785706225,c71b0c4625437c6523bf637b9b3bdc472f8c20f1175b44168ab8646586b07bbb
Default/Cache/Cache_Data/8ff4c8f23d55b751_0,7416,1785706225,0fc5a5e7f12bed0c8919dbf133dc9a919cd86665e50c848bca92f4cf8e2123b2
Default/Cache/Cache_Data/90b67d8bb7a05a27_0,5491,1785706225,b4f498ab30bf9a4bcda77c57f2714f88bb774c19f90ad170d3dc93be414c0f8b
Default/Cache/Cache_Data/9391d1f6393afd7e_0,16665,1785706225,1fe82e66c8bad051b45a9257f1e916ce01ccd8322c1fb2c512b03c37e10b4d8a
Default/Cache/Cache_Data/97d446e88bd0d5b5_0,7407,1785706225,1e4bae3d14fd30f5d4ebf359ee4252612a3a935dc44c3531b2a02b850f0158af
Default/Cache/Cache_Data/989f2731da86c6f2_0,7445,1785706224,2701dd2a2dad48f04696925d7beb88022bb696121c23bb8ace0b1881a3851d4e
Default/Cache/Cache_Data/9b94d81621cb8139_0,9016,1785706225,fb68b7836a0381dcbf14185fe6cbe2effc05cd6afa5b72efc987c5c3663ac560
Default/Cache/Cache_Data/9ba31104743960ff_0,7364,1785706225,f6896ec1a761c6b0b9de4adfb42d1a9a15f1e2f9d1fe9dcdad58e94b8e42bfef
Default/Cache/Cache_Data/9c201db3f42b7d8c_0,7472,1785706225,8cdb4cd8170058e868122b898be92a90b4c35119f617a105798a8b5a0fa1f14c
Default/Cache/Cache_Data/9c314c4a7d795f98_0,41895,1785706225,781a17ca7eb40e5b249f0d333786bea400d0db0cd6a00cb86fc5d2ff6533bb59
Default/Cache/Cache_Data/9d9f53a72aa080c5_0,2980,1785706212,ec73a0217c4e107233369a78359df6e512e5497c12adf7fe3e3dbc6075bb81b1
Default/Cache/Cache_Data/9f626386ce6f2bbc_0,8197,1785706225,70ba7ac81ca323d5fe24a42fd358ef81b8d23dd5ddc32286717d47cc0d8af786
Default/Cache/Cache_Data/a0c0aee502dd9d71_0,7800,1785706224,6923c9b0ac89476e5ed7ad9d9b8dff8ac481c1dd17e229e81af9e99290156d75
Default/Cache/Cache_Data/a19d287906c99a35_0,23123,1785706212,3637ab0d19d921b7cc82a0318fcfcf19184797a94937285487e709a30bf0df71
Default/Cache/Cache_Data/a1bf92864a2463a4_0,7248,1785706225,dfc94ee2b9608141b1a0970215b96323667387267e2177bd3194006319785ccb
Default/Cache/Cache_Data/ac8db2e2a47d2c83_0,7419,1785706225,b3cce101c1b004908c6810f79e284ee6bfef5db4bbac4a78a30b69388d681767
Default/Cache/Cache_Data/accfa3dd0908c5d7_0,7538,1785706224,8ad767115e8f2466ecd032cdd70ddc5640a8561f994c0bda0ba0326aa1a1405f
Default/Cache/Cache_Data/af8bbe665eb2ee3c_0,35377,1785706212,76cac7126ac3ae21c7c169694231359c01f07f0862f204e0256d614cc328b982
Default/Cache/Cache_Data/b4bb95dd351879dd_0,7642,1785706225,ffb33aebbe89188aa6baa67dcae2029e6316f1466d5cd8a2470832888a92b185
Default/Cache/Cache_Data/b77d996b8e5f26c1_0,7889,1785706225,606e86cf0e9c5a38ec79014590824bef1633f201da8b77dc87810eaa9b0918ca
Default/Cache/Cache_Data/b78b432eaf7ccc9a_0,7307,1785706224,da050edd515565d125dabcb90c625b54eda7389363dec4f0534c68d49b2f893a
Default/Cache/Cache_Data/bb4fb4dfe11cb90e_0,7306,1785706224,09f888f970daab6c0ea9506b290baa6f97c72bbc7d8f06d8c74fb64d3fe7e50e
Default/Cache/Cache_Data/c5fee06a49b1851b_0,13451,1785706212,4c963d7574dc2d0c3d19fdef7a77735f1ef7a44d63e17196f96b4394a2afd71d
Default/Cache/Cache_Data/c75cd0f33811ffd4_0,15757,1785706224,ab0f1a8c7c0b6f7e8bd29d10906606b3beac0bf157d3bc78130b78e4d6dea16c
Default/Cache/Cache_Data/cd1a1455fc930276_0,7923,1785706225,e2f5c9691c6f911f405453d91f90bde9ea251b3d4a533f8c5c1e2b6241ef0c75
Default/Cache/Cache_Data/cf49d3a6ef664f5d_0,35551,1785706225,c1f985e23402b11886c2001b1c4911dbfa42a19a42ffdfdfa260f812317799ff
Default/Cache/Cache_Data/d2096a5d6ef8d19e_0,8654,1785706225,c9f8b152cf5b540c0a0d420223b0a8cbc602a7a5e957331f0dc6fafab6106e68
Default/Cache/Cache_Data/d4cadb7308765cc6_0,7625,1785706224,8638a1f1bcb7ac6666fbafb589451ca39b02a0de2fab30c58bb998005b05c6c5
Default/Cache/Cache_Data/d72fe2d5fab1eddc_0,7944,1785706225,3520d6cd725fa7fbfac51d2dfd367e209c7313ab9a2a366c98c4843f0abce6d5
Default/Cache/Cache_Data/e1b922015bb4cdda_0,20826,1785706224,42ef88fa4d56545ebaacbfd46547758710a02fa1ff88c4116561cabe16bd3879
Default/Cache/Cache_Data/e4e9703ebf6e3384_0,7422,1785706225,2f94b259fa8f560e55157f67e5e15d7104802996cb4f5b1fd92760229223732f
Default/Cache/Cache_Data/edecdccc9b7fd9dc_0,5853,1785706212,5dc9b1ecbec6aa4b7a3056ba8fe9932ca16f9dd33230cfbc47fb3c3ded59e7da
Default/Cache/Cache_Data/f0763b3476e68b29_0,9671,1785706225,96e94e501219cebb8415e50f281e858591fe3ce288dbfbc4b85c7c38b591699c
Default/Cache/Cache_Data/f2d215ef61a66aeb_0,7510,1785706225,bb53fdfabaf6a60e5b11a6dfb3495f3b6e9f14b7d0632bc99c98c2812fec4377
Default/Cache/Cache_Data/f62e42c40532b897_0,7673,1785706225,e02f90dff2a67320b59eb6b4df14cd7d9c73c37a13aaa1e8301abf6a71a7a650
Default/Cache/Cache_Data/fb8169f7dc4c7e74_0,7516,1785706224,9ba3f46d3259a13dcdbcb0a2bc99238e37b2f817186868df22159c703f71e4b6
Default/Cache/Cache_Data/fecf0feb4c7a4ba7_0,7364,1785706225,03fae92aee5ba05cbd044e808aabeb1ed34bda3edcbb004b4306e49c46f7035b
Default/Cache/Cache_Data/index,24,1785706211,fbcfe23a2ecb82b7100c50811691dde0a33aa3da8d176be9882a9db485dc0f2d
Default/Cache/Cache_Data/index-dir/the-real-index,2088,1785706245,b89371c9807a55ff394ba356771a6cae92c2d5258ca5634a6acd6698647468b1
Default/Cache/No_Vary_Search/journal.baj,4,1785706211,9c169428d852e25bd59b27652ed533d2a1f09f96e4c329fa5e06f47e16731543
Default/Cache/No_Vary_Search/snapshot.baf,20,1785706211,0c2dd377ed0cc66161e9db8f89f7d8bcb3ad8c06c4a054bdcba214ab05f58c9a
Default/ClientCertificates/LOCK,0,1785706211,e3b0c44298fc1c149afbf4c8996fb92427ae41e4649b934ca495991b7852b855
Default/ClientCertificates/LOG,0,1785706211,e3b0c44298fc1c149afbf4c8996fb92427ae41e4649b934ca495991b7852b855
Default/Code Cache/js/0d7f58198f35c3a9_0,234,1785706225,f8e740dd0b4eb8b257a5bde98185eeb8dafec2bf46e80790381f14773a18e365
Default/Code Cache/js/16fae97d641c3766_0,234,1785706225,814d82bc1c6c4a0484b70cdbd5a84a4aad2daa3812a9516baa5ce90e4ecaeee5
Default/Code Cache/js/19471925ab34594e_0,234,1785706225,36d5d7cc3c45386f51d923c554352d15ac6dcd43e40f2606ae1bd49c17f8cd51
Default/Code Cache/js/22185027401f4f43_0,244,1785706212,c0777ecb0280b1e3805c3822251842938ceca20781a8d8c26a75c89dd27cc829
Default/Code Cache/js/42be53a50ce84ab5_0,234,1785706225,31f54836c9e8fbc0e7000622371895f212364023c69b50d71908a99fee6216e0
Default/Code Cache/js/498444abbc81dd21_0,234,1785706225,5bb7bcff265fafcdc7c0d3565ba5417789ab312ec75afd86249e49e2c7002486
Default/Code Cache/js/49b880b39bace470_0,234,1785706225,ab25af3c28c57567b5f4ef4fcd340758d12edc8adac31f740d4f774852fe9b63
Default/Code Cache/js/4cb962c31fdca8fd_0,235,1785706225,4f1494f58a25f787c1f7011ff19efe59b6b65caf90eb1b9a147c6fc90e97f19f
Default/Code Cache/js/66cfb6e87035901c_0,234,1785706225,1282d827cac7ce07bb4a236bad21bb40917d8a1652313ad4a6e2be4e623a8219
Default/Code Cache/js/78f538a6cd6c8560_0,234,1785706225,7ba4bc07901b9d4741fd5189cacf2acb63c03797e93c30ba377322603b51e101
Default/Code Cache/js/929b7d39a082dfbb_0,234,1785706225,b779ca0f6709b7cc2d6a4700b1c6fcd2b30e464ad97602ec5a7f06e0370b374f
Default/Code Cache/js/aa47ce845eb75eea_0,234,1785706225,026595812eb7078c1905c8f0e991b5883d405cae552199208b18e97ee3e4eafe
Default/Code Cache/js/af07e368ab56e6c7_0,234,1785706225,9f78816b58c5395a3d9f2a5257eb0ff8a1e452165541b9d5fa4b3b1ec721e63c
Default/Code Cache/js/b5e329c9fd264249_0,234,1785706225,cbe32bd7bcd36ceccb81d6bbaa7dfd3ae696a10ccd09abc2918d49ca16a4a43c
Default/Code Cache/js/b7ff780f36ca87b1_0,234,1785706225,dfd4f136cb1fff753380c828539219389c47075e6695f33324e42a14ddab0b1b
Default/Code Cache/js/ba678a2fbd8c358c_0,298,1785706211,209a5fca18bcc6f4a184aeec988877cc7d50601a1dc9a00a92dbc18a4fda23e7
Default/Code Cache/js/bcc16a866aa72ddc_0,234,1785706225,e0c43e9dc4492808fb21dfc8b3d3af5d58682a9ccf9d2b6b91370e45598ca45d
Default/Code Cache/js/be216d29361a583f_0,234,1785706225,d735a4c5460f69efcb5c532b9059b78273805ade68c76488e91965d918bd16d8
Default/Code Cache/js/c54c27f934f4e6b5_0,225,1785706225,cfd13b40714a658575145d561951fc33023ace849da35f5b9d8baa732d1c51de
Default/Code Cache/js/cd72567b1dcab390_0,237,1785706225,bf6192c6e89b5f837625ef76d6ab886a9a24ad23036190d70819839ec02bb56e
Default/Code Cache/js/e663e20780614b53_0,234,1785706225,8e539f9d2675b204ac3edc1e215609a594656847a7b3e9f6a03e368505e57a56
Default/Code Cache/js/ff50c0876b91e9cc_0,234,1785706225,5674f5cf3055899aef0b0b74f928d7ea926498bc0c6c44474023b8c0e0d5561b
Default/Code Cache/js/index,24,1785706211,fbcfe23a2ecb82b7100c50811691dde0a33aa3da8d176be9882a9db485dc0f2d
Default/Code Cache/js/index-dir/the-real-index,576,1785706245,f703575fcd05d05835075b0b5b764c41267fd17445188160cd143d9ab3b25839
Default/Code Cache/wasm/index,24,1785706211,fbcfe23a2ecb82b7100c50811691dde0a33aa3da8d176be9882a9db485dc0f2d
Default/Code Cache/wasm/index-dir/the-real-index,48,1785706211,46737cfc5f1abd1ea07b40c21ea7c8208616eb8fb496fff067ec7fe657bd4815
Default/Cookies,20480,1785706242,15217c64d814248c88742f8e155da560f4e9b3bdebb5c0451c29f19e2dcb4d9f
Default/Cookies-journal,0,1785706242,e3b0c44298fc1c149afbf4c8996fb92427ae41e4649b934ca495991b7852b855
Default/DIPS,4096,1785706213,0ab48b25cba617ed3a4acca0161813b314c095ef63544bb4af60769eb1012977
Default/DIPS-wal,45352,1785706213,9b8df306ff4382dabcfb57f90b94ec2993b4be54cb393be5f6a3b97a93e6a12d
Default/DawnGraphiteCache/data_0,8192,1785706211,d6a5fe39cd672781b256e0e3102f7022635f1d4bb7cfcc90a80fffe4d0f3877e
Default/DawnGraphiteCache/data_1,270336,1785706351,b06032f4100272547788dd2b5ffb19e897a9e7d4c3eae7afaab39dc9892a68f7
Default/DawnGraphiteCache/data_2,8192,1785706211,ec1702806f4cc7c42a82fc2b38e89835fde7c64bb32060e0823c9077ca92efb7
Default/DawnGraphiteCache/data_3,8192,1785706211,e09f42c398d688dce168570291f1f92d079987deda3099a34adb9e8c0522b30c
Default/DawnGraphiteCache/index,262512,1785706211,5ced9c2836450eaa415cd16c8136bde043597517f26bd9baf684eff789accd10
Default/DawnWebGPUCache/data_0,8192,1785706211,d6a5fe39cd672781b256e0e3102f7022635f1d4bb7cfcc90a80fffe4d0f3877e
Default/DawnWebGPUCache/data_1,270336,1785706351,e76bc375f0604e22ad68b78a7e565de32d49786aaa48d59f9f8345ff01c80000
Default/DawnWebGPUCache/data_2,8192,1785706211,ec1702806f4cc7c42a82fc2b38e89835fde7c64bb32060e0823c9077ca92efb7
Default/DawnWebGPUCache/data_3,8192,1785706211,e09f42c398d688dce168570291f1f92d079987deda3099a34adb9e8c0522b30c
Default/DawnWebGPUCache/index,262512,1785706211,91de5966c6c58d1de94cb4bcbe0e4e2cd3504ea5e647805544de27c9daa7d627
Default/Download Service/EntryDB/LOCK,0,1785706221,e3b0c44298fc1c149afbf4c8996fb92427ae41e4649b934ca495991b7852b855
Default/Download Service/EntryDB/LOG,0,1785706221,e3b0c44298fc1c149afbf4c8996fb92427ae41e4649b934ca495991b7852b855
Default/Extension Rules/000003.log,95,1785706213,5b149d68659ebeab90f1116b8704a32dc240fbf85171bd4a4f70d57a3d8d4bb8
Default/Extension Rules/CURRENT,16,1785706211,0f1bad70c7bd1e0a69562853ec529355462fcd0423263a3d39d6d0d70b780443
Default/Extension Rules/LOCK,0,1785706211,e3b0c44298fc1c149afbf4c8996fb92427ae41e4649b934ca495991b7852b855
Default/Extension Rules/LOG,237,1785706211,b042e2187c73fdbb76f8b210d36d1a1c81ea8f80a5523c54ed412df5a6ec2a04
Default/Extension Rules/MANIFEST-000001,41,1785706211,f9d31b278e215eb0d0e9cd709edfa037e828f36214ab7906f612160fead4b2b4
Default/Extension Scripts/000003.log,95,1785706213,5b149d68659ebeab90f1116b8704a32dc240fbf85171bd4a4f70d57a3d8d4bb8
Default/Extension Scripts/CURRENT,16,1785706211,0f1bad70c7bd1e0a69562853ec529355462fcd0423263a3d39d6d0d70b780443
Default/Extension Scripts/LOCK,0,1785706211,e3b0c44298fc1c149afbf4c8996fb92427ae41e4649b934ca495991b7852b855
Default/Extension Scripts/LOG,241,1785706211,6f5a75a737fb57d847f32012741915febf12842f8854fdd367b3e40baace8968
Default/Extension Scripts/MANIFEST-000001,41,1785706211,f9d31b278e215eb0d0e9cd709edfa037e828f36214ab7906f612160fead4b2b4
Default/Extension State/000003.log,285,1785706213,fff9c841af450dfefe7f284f645d4a26b048e6bd5709ad766b308172bc260a53
Default/Extension State/CURRENT,16,1785706211,0f1bad70c7bd1e0a69562853ec529355462fcd0423263a3d39d6d0d70b780443
Default/Extension State/LOCK,0,1785706211,e3b0c44298fc1c149afbf4c8996fb92427ae41e4649b934ca495991b7852b855
Default/Extension State/LOG,237,1785706211,826a40897002c2067ff2a33069081bd13af57e144556685a6bfc6727574d7684
Default/Extension State/MANIFEST-000001,41,1785706211,f9d31b278e215eb0d0e9cd709edfa037e828f36214ab7906f612160fead4b2b4
Default/Extensions/ghbmnnjooekpmoecnnnilnnbdlolhkhi/1.108.1_0/128.png,5069,1785706213,2576b1798cd3fa5745897dbe8f1ab12eaf12110827d290b44c6fc0396ba3bba2
Default/Extensions/ghbmnnjooekpmoecnnnilnnbdlolhkhi/1.108.1_0/_locales/af/messages.json,885,1785706213,70445794b59a9aac6bedff8fbd7c2427f9b66b1bb8fe570def80723ddaffe236
Default/Extensions/ghbmnnjooekpmoecnnnilnnbdlolhkhi/1.108.1_0/_locales/am/messages.json,1262,1785706213,a943ff5bd2e118e021cedc99dbbb413a7dd5d2e980c9f3bf8f135dd55b800cc7
Default/Extensions/ghbmnnjooekpmoecnnnilnnbdlolhkhi/1.108.1_0/_locales/ar/messages.json,1221,1785706213,ac94170794a873dccb375658c557e3e902f046281d546f72d1124c8069def826
Default/Extensions/ghbmnnjooekpmoecnnnilnnbdlolhkhi/1.108.1_0/_locales/as/messages.json,2847,1785706213,01b549ef285c94b31891997c7d5728bee7b56040f8847f279fc46e5cc262c4e3
Default/Extensions/ghbmnnjooekpmoecnnnilnnbdlolhkhi/1.108.1_0/_locales/az/messages.json,954,1785706213,04b2f400d71c454ade6b712d7b698f9e0efc0bd667613bf6d1974f6942730c9c
Default/Extensions/ghbmnnjooekpmoecnnnilnnbdlolhkhi/1.108.1_0/_locales/be/messages.json,3107,1785706213,ddf16859a15f3eb3334d6241975ca3988ac3eafc3d96452ac3a4afd3644c8550
Default/Extensions/ghbmnnjooekpmoecnnnilnnbdlolhkhi/1.108.1_0/_locales/bg/messages.json,1366,1785706213,5a3bac520c89d98094a0ed9d06ce42eada4c2b357c2ce4bb64500b54c1f0d2aa
Default/Extensions/ghbmnnjooekpmoecnnnilnnbdlolhkhi/1.108.1_0/_locales/bn/messages.json,1740,1785706213,cf63f4201d1ee02a0516f25cb74ac92c55bfa811ce0e4a1a9bf526e307faeabd
Default/Extensions/ghbmnnjooekpmoecnnnilnnbdlolhkhi/1.108.1_0/_locales/ca/messages.json,907,1785706213,83e21f3a452edd2cbf072f6c83fae6e78864886450e1f874a4b16ed7942f36d5
Default/Extensions/ghbmnnjooekpmoecnnnilnnbdlolhkhi/1.108.1_0/_locales/cs/messages.json,890,1785706213,ada6a72ccd25ccf57f77d28e1311120f44272f99aad5c0414de2f580bf6ce732
Default/Extensions/ghbmnnjooekpmoecnnnilnnbdlolhkhi/1.108.1_0/_locales/cy/messages.json,806,1785706213,a482663292a913b02a9cde4635c7c92270bf3c8726fd274475dc2c490019a7c9
Default/Extensions/ghbmnnjooekpmoecnnnilnnbdlolhkhi/1.108.1_0/_locales/da/messages.json,860,1785706213,b43a070137339de512538b02048be651ddc931946d1b30c19df94e475f3c74a2
Default/Extensions/ghbmnnjooekpmoecnnnilnnbdlolhkhi/1.108.1_0/_locales/de/messages.json,1008,1785706213,59fd7274e6a7629692766012d9da1e324011e43bd78ec3628aa0e94558977e6f
Default/Extensions/ghbmnnjooekpmoecnnnilnnbdlolhkhi/1.108.1_0/_locales/el/messages.json,1590,1785706213,16593ce1ef222ae7852bfa6d32f702bbcf00beb4c4c54964465d46c85204a5d4
Default/Extensions/ghbmnnjooekpmoecnnnilnnbdlolhkhi/1.108.1_0/_locales/en/messages.json,828,1785706213,5d4872c090de9bad86ed4974ec3ac88f2a6cce74d73d3d65d4f9137fe8f399b7
Default/Extensions/ghbmnnjooekpmoecnnnilnnbdlolhkhi/1.108.1_0/_locales/en_CA/messages.json,828,1785706213,5d4872c090de9bad86ed4974ec3ac88f2a6cce74d73d3d65d4f9137fe8f399b7
Default/Extensions/ghbmnnjooekpmoecnnnilnnbdlolhkhi/1.108.1_0/_locales/en_GB/messages.json,825,1785706213,619793d0ff594df51d036ed0ecc70f5aa823d02221dcfe4518d4813a40c5bc92
Default/Extensions/ghbmnnjooekpmoecnnnilnnbdlolhkhi/1.108.1_0/_locales/en_US/messages.json,1395,1785706213,e994530a0f80554468171e1857fa0e79f28036c56f8322b401e6b7c9fb32bdb5
Default/Extensions/ghbmnnjooekpmoecnnnilnnbdlolhkhi/1.108.1_0/_locales/es/messages.json,938,1785706213,aa8a66354354dbadc57faba0a80dd6ea3e4aceefaffe32906e557f4029b31921
Default/Extensions/ghbmnnjooekpmoecnnnilnnbdlolhkhi/1.108.1_0/_locales/es_419/messages.json,936,1785706213,b723547fd893f0d14cf7b15fef1de2fd99c8540d636a0fa0e3614f18216bfd0d
Default/Extensions/ghbmnnjooekpmoecnnnilnnbdlolhkhi/1.108.1_0/_locales/et/messages.json,945,1785706213,621dc6ad1e5c6b1c9dd79a819ef1208a776035341a0caebea33e85d01a71bf95
Default/Extensions/ghbmnnjooekpmoecnnnilnnbdlolhkhi/1.108.1_0/_locales/eu/messages.json,838,1785706213,a41670d52423ba69c7a65e7e153e7b9994e8dd0370c584bda0714bd61c49c578
Default/Extensions/ghbmnnjooekpmoecnnnilnnbdlolhkhi/1.108.1_0/_locales/fa/messages.json,1282,1785706213,3ac754e356b29579999779b2099956ae66308348bc6099336be75645a6f41ada
Default/Extensions/ghbmnnjooekpmoecnnnilnnbdlolhkhi/1.108.1_0/_locales/fi/messages.json,888,1785706213,87b72410683d12a4441f7a11f26093e38f651cce318e162928b9dbf84b46faa8
Default/Extensions/ghbmnnjooekpmoecnnnilnnbdlolhkhi/1.108.1_0/_locales/fil/messages.json,916,1785706213,ef66d67d6cc949329804a875e577ab57342bee98342bc6fb14019f3e0b3d79e9
Default/Extensions/ghbmnnjooekpmoecnnnilnnbdlolhkhi/1.108.1_0/_locales/fr/messages.json,954,1785706213,c3b75939393e53f02d22f5090ecb3ccddb097f6278ea264dfd757ea6be247f69
Default/Extensions/ghbmnnjooekpmoecnnnilnnbdlolhkhi/1.108.1_0/_locales/fr_CA/messages.json,949,1785706213,01ff0e94294966bfce9797ce8af76963e77979f665aaf692960b611fe76974a2
Default/Extensions/ghbmnnjooekpmoecnnnilnnbdlolhkhi/1.108.1_0/_locales/gl/messages.json,927,1785706213,9890710df0fbf1db41bce41fe2f62424a3bd39d755d29e829744ed3da0c2ce1d
Default/Extensions/ghbmnnjooekpmoecnnnilnnbdlolhkhi/1.108.1_0/_locales/gu/messages.json,1635,1785706213,edf08a08a1ceb1b057a6dbed1796c4714b0f078abf6a6e2b184ff16031c9675f
Default/Extensions/ghbmnnjooekpmoecnnnilnnbdlolhkhi/1.108.1_0/_locales/hi/messages.json,1649,1785706213,51107cdcc464bda12f4b8cfa11c24a581364aa26968d192a97648843a9bc3a70
Default/Extensions/ghbmnnjooekpmoecnnnilnnbdlolhkhi/1.108.1_0/_locales/hr/messages.json,912,1785706213,efde691b2cb063389a7742646466ffbfa45f701997a008134d55bb0939ae30ff
Default/Extensions/ghbmnnjooekpmoecnnnilnnbdlolhkhi/1.108.1_0/_locales/hu/messages.json,1042,1785706213,076e129fc56343413806fcc29239b1693e31fe83c88555fbb42fbfacc212c061
Default/Extensions/ghbmnnjooekpmoecnnnilnnbdlolhkhi/1.108.1_0/_locales/hy/messages.json,2771,1785706213,0b16e3f8bd904a767284345ae86a0a9927c47afe89e05ea2b13ad80009bdf9e4
Default/Extensions/ghbmnnjooekpmoecnnnilnnbdlolhkhi/1.108.1_0/_locales/id/messages.json,835,1785706213,83cce49048490fc546230a619578a78d574db16f7912ed6624ff708869719de6
Default/Extensions/ghbmnnjooekpmoecnnnilnnbdlolhkhi/1.108.1_0/_locales/is/messages.json,954,1785706213,943e61988c859bb088f548889f0449885525dd660626a89ba67b2c94cfbfbb1b
Default/Extensions/ghbmnnjooekpmoecnnnilnnbdlolhkhi/1.108.1_0/_locales/it/messages.json,876,1785706213,08963459e7579c914fd077b0c81897a81e8e2fbe086363bbbdfae135ea90c2de
Default/Extensions/ghbmnnjooekpmoecnnnilnnbdlolhkhi/1.108.1_0/_locales/iw/messages.json,2230,1785706213,bbb81c32f482ba3216c9b1189c70cef39ca8c2181af3538ffa07b4c6ad52f06a
Default/Extensions/ghbmnnjooekpmoecnnnilnnbdlolhkhi/1.108.1_0/_locales/ja/messages.json,1137,1785706213,8868cdfa19974e5b850d2e7b46765cd6ba45b2e2dca706d7fd3dbe009212fa6b
Default/Extensions/ghbmnnjooekpmoecnnnilnnbdlolhkhi/1.108.1_0/_locales/ka/messages.json,3264,1785706213,30898bbf51bdd58db397ff780f061e33431a38ef5cfc288b5177ecf76b399f26
Default/Extensions/ghbmnnjooekpmoecnnnilnnbdlolhkhi/1.108.1_0/_locales/kk/messages.json,1424,1785706213,a723e94f86662e6fc71f9fe94209ef4c902051e3568b4e72ee2603dedeed7662
Default/Extensions/ghbmnnjooekpmoecnnnilnnbdlolhkhi/1.108.1_0/_locales/km/messages.json,3122,1785706213,a6118f0a0de329e07c01f53cd6fb4fed43e54c5f53db4cd1c7f5b2b4d9fb10e6
Default/Extensions/ghbmnnjooekpmoecnnnilnnbdlolhkhi/1.108.1_0/_locales/kn/messages.json,1872,1785706213,41cffe6d6c1d558f848a4248c7f064d9bc0f506276b5d0608ba4ed6ca3d272a1
Default/Extensions/ghbmnnjooekpmoecnnnilnnbdlolhkhi/1.108.1_0/_locales/ko/messages.json,1019,1785706213,c610e58bbad545e2958995c9d00cd0ce5f7290b7d8272b3820e2948de4a85f97
Default/Extensions/ghbmnnjooekpmoecnnnilnnbdlolhkhi/1.108.1_0/_locales/lo/messages.json,2535,1785706213,89082fb05229826bc222f5d22c158235f025f0e6df67ff135a18bd899e13bb8f
Default/Extensions/ghbmnnjooekpmoecnnnilnnbdlolhkhi/1.108.1_0/_locales/lt/messages.json,1005,1785706213,b67932bc54a1bf6b4b6e4cbaef3ffd6137d2a6eef883090cdc34a0f6a0120fc3
Default/Extensions/ghbmnnjooekpmoecnnnilnnbdlolhkhi/1.108.1_0/_locales/lv/messages.json,971,1785706213,295af871066a1ce81c2a396758248f0ce9a814740e3404136da35e330d46621d
Default/Extensions/ghbmnnjooekpmoecnnnilnnbdlolhkhi/1.108.1_0/_locales/mk/messages.json,2875,1785706213,d0ae7739adea379b6390d1ee65699fc78d8649b7977503b062f34a52690a5744
Default/Extensions/ghbmnnjooekpmoecnnnilnnbdlolhkhi/1.108.1_0/_locales/ml/messages.json,2068,1785706213,6714af6a4d3fbb565558bd3b24c09a0442a6ba8ce6143f6295db662736495ca4
Default/Extensions/ghbmnnjooekpmoecnnnilnnbdlolhkhi/1.108.1_0/_locales/mn/messages.json,2778,1785706213,613d8751f6cc9d3fa319f4b7ea8b2bd3bed37fd077482ca825929dd7c12a69a8
Default/Extensions/ghbmnnjooekpmoecnnnilnnbdlolhkhi/1.108.1_0/_locales/mr/messages.json,1696,1785706213,037d28d3b9aaf5a760dd1fddec5b9d4d9d881a8f3deb20e84131694f0cc819ab
Default/Extensions/ghbmnnjooekpmoecnnnilnnbdlolhkhi/1.108.1_0/_locales/ms/messages.json,913,1785706213,3b588ddd8fec31a4b22a5bd7e5a814524eea162552bd9a253ec61d6f57e1cad9
Default/Extensions/ghbmnnjooekpmoecnnnilnnbdlolhkhi/1.108.1_0/_locales/my/messages.json,3830,1785706213,243befbd6b67a21433dcc97dc1a728896d3a070dc20055eb04d644e1bb955fe7
Default/Extensions/ghbmnnjooekpmoecnnnilnnbdlolhkhi/1.108.1_0/_locales/ne/messages.json,3160,1785706213,34c00e5e0690a2dfe5e5d47c6e7acf7052510df82d902cd2b3ebcdedd7c1a61c
Default/Extensions/ghbmnnjooekpmoecnnnilnnbdlolhkhi/1.108.1_0/_locales/nl/messages.json,891,1785706213,07c20d230caf68c7cc1d776bca5ec2e02cc333563e32fdd239d4816274ad5902
Default/Extensions/ghbmnnjooekpmoecnnnilnnbdlolhkhi/1.108.1_0/_locales/no/messages.json,855,1785706213,0afab3185b95601a62bb2de47b461e942e93aa1b1f959f2cf6df2280001fb35b
Default/Extensions/ghbmnnjooekpmoecnnnilnnbdlolhkhi/1.108.1_0/_locales/or/messages.json,2902,1785706213,4fa7d3ed5b6003b4b0b3d1cedf0a7dd6489b96311b4bc320e8a3dd16852d59d9
Default/Extensions/ghbmnnjooekpmoecnnnilnnbdlolhkhi/1.108.1_0/_locales/pa/messages.json,2766,1785706213,bbd37d41b7de6f93948fa2437a7699d4c30a3c39e736179702f212cb36a3133c
Default/Extensions/ghbmnnjooekpmoecnnnilnnbdlolhkhi/1.108.1_0/_locales/pl/messages.json,955,1785706213,9d1b2dbb3359458e5baf3d0d34741f832fc6b0e3455dcea046c51b6dd01668a6
Default/Extensions/ghbmnnjooekpmoecnnnilnnbdlolhkhi/1.108.1_0/_locales/pt_BR/messages.json,866,1785706213,5f36789b0078824ef4259d70632c5b5b976fddf9aa430f50a8ece4e4b602ebbe
Default/Extensions/ghbmnnjooekpmoecnnnilnnbdlolhkhi/1.108.1_0/_locales/pt_PT/messages.json,891,1785706213,095041e0f611a2f0b11251c969f3ee3f12d0c66e98d9450923d4c528d12dfe70
Default/Extensions/ghbmnnjooekpmoecnnnilnnbdlolhkhi/1.108.1_0/_locales/ro/messages.json,914,1785706213,471c650dec886cd0ec40486cd191f935e1e79c9512a73d2ac4d0f2ff79641973
Default/Extensions/ghbmnnjooekpmoecnnnilnnbdlolhkhi/1.108.1_0/_locales/ru/messages.json,1318,1785706213,aaabe1585f5afeafee5d6563e0a4dccd263a3b09712d52dae77f21666fe60976
Default/Extensions/ghbmnnjooekpmoecnnnilnnbdlolhkhi/1.108.1_0/_locales/si/messages.json,2846,1785706213,54241ebe651a8344235cc47afd274c080abaebc8c3a25afb95d8373b6a5670a2
Default/Extensions/ghbmnnjooekpmoecnnnilnnbdlolhkhi/1.108.1_0/_locales/sk/messages.json,911,1785706213,d9ca84b6aec08748eb826801a7f5597464a3593aac972db14d3b826f7f1ac8c8
Default/Extensions/ghbmnnjooekpmoecnnnilnnbdlolhkhi/1.108.1_0/_locales/sl/messages.json,940,1785706213,e75c45ea0c75772ed7afdf1b98b04ea6f22babe8be821f1ae4c4355cbf2e95dc
Default/Extensions/ghbmnnjooekpmoecnnnilnnbdlolhkhi/1.108.1_0/_locales/sq/messages.json,923,1785706213,ea42c8f96c26ccb55a95f1f7bbbaf151ed36e9c737c54bb3c5081f3fdb9e9066
Default/Extensions/ghbmnnjooekpmoecnnnilnnbdlolhkhi/1.108.1_0/_locales/sr/messages.json,1297,1785706213,0fdac42a2dec881d3b18df83ff5da72cf217851e852bd1902240db91f8d5371f
Default/Extensions/ghbmnnjooekpmoecnnnilnnbdlolhkhi/1.108.1_0/_locales/sv/messages.json,861,1785706213,0430d75210dabe65f5899f4ccdb3c834b6e363e6d1a6d682541aff50e781e78b
Default/Extensions/ghbmnnjooekpmoecnnnilnnbdlolhkhi/1.108.1_0/_locales/sw/messages.json,957,1785706213,9602b746a1d32bdc9dc11e155fe7145426a991572463821d970bd86b965b0882
Default/Extensions/ghbmnnjooekpmoecnnnilnnbdlolhkhi/1.108.1_0/_locales/ta/messages.json,1918,1785706213,baa4275420327e1f4c296e85c9eaeeadbe4e3f2ceb8391beda01d0809326ca1e
Default/Extensions/ghbmnnjooekpmoecnnnilnnbdlolhkhi/1.108.1_0/_locales/te/messages.json,1946,1785706213,9bc7cd7fe286f41f6a48566c3b8b7b6e6e5542954c2386613374f6f3c84490f8
Default/Extensions/ghbmnnjooekpmoecnnnilnnbdlolhkhi/1.108.1_0/_locales/th/messages.json,1651,1785706213,6f3fa69ff687c6566d7b97245365ca39c9fd27f75949275965eaa40754036182
Default/Extensions/ghbmnnjooekpmoecnnnilnnbdlolhkhi/1.108.1_0/_locales/tr/messages.json,1040,1785706213,62fbb78fa2245e68505f0c6281b475d27d3da76f9ff91b2bbef41eef05b9c343
Default/Extensions/ghbmnnjooekpmoecnnnilnnbdlolhkhi/1.108.1_0/_locales/uk/messages.json,1310,1785706213,0505dde7a9b3d5a90ee519f96bf2b2d052e81de8a68ef1d8537b74838d7b8b80
Default/Extensions/ghbmnnjooekpmoecnnnilnnbdlolhkhi/1.108.1_0/_locales/ur/messages.json,1240,1785706213,293f7bb05ff73eb5fb63f6241de4aa1bb574ec91728df34ebe80ad456d30906f
Default/Extensions/ghbmnnjooekpmoecnnnilnnbdlolhkhi/1.108.1_0/_locales/uz/messages.json,842,1785706213,54fb11c8b58dfeece06bf9c8ad5eb5c61f8a916df3efc940ac4af0263c375529
Default/Extensions/ghbmnnjooekpmoecnnnilnnbdlolhkhi/1.108.1_0/_locales/vi/messages.json,1051,1785706213,3751eb007a9f8ad9f7a08452673cd2fc6ca1807d4fb98eb926706e0356d2aec4
Default/Extensions/ghbmnnjooekpmoecnnnilnnbdlolhkhi/1.108.1_0/_locales/zh_CN/messages.json,850,1785706213,9c0a7674853ff9e2aa581bd9758c6dde1c56b0ae67db655fdb28bd941e6ddd5c
Default/Extensions/ghbmnnjooekpmoecnnnilnnbdlolhkhi/1.108.1_0/_locales/zh_HK/messages.json,1205,1785706213,30f44cfad052d73d86d12fa20cfc111563a3b2e4523b43f7d66d934ba8dace91
Default/Extensions/ghbmnnjooekpmoecnnnilnnbdlolhkhi/1.108.1_0/_locales/zh_TW/messages.json,820,1785706213,ffa97e2e6d5805d0bed1d99bf8a1a05a90338aa15bc82fea37ecfbc1f71f8d70
Default/Extensions/ghbmnnjooekpmoecnnnilnnbdlolhkhi/1.108.1_0/_locales/zu/messages.json,912,1785706213,ec78ddd4ccf32b5d76ec701a20167c3fbd146d79a505e4fb0421fc1e5cf4aa63
Default/Extensions/ghbmnnjooekpmoecnnnilnnbdlolhkhi/1.108.1_0/_metadata/computed_hashes.json,6079,1785706213,27c32cabaae3acc5f6a49600db8450f7ea3058fb072286438b2f08a8acfc9788
Default/Extensions/ghbmnnjooekpmoecnnnilnnbdlolhkhi/1.108.1_0/_metadata/verified_contents.json,11914,1785706213,a21a4531a86d6985fe7cf0f7cd30b92d6ee39decec9e5e4867ba80cbae5221eb
Default/Extensions/ghbmnnjooekpmoecnnnilnnbdlolhkhi/1.108.1_0/dasherSettingSchema.json,854,1785706213,6c69ce0fe6fab14f1990a320d704fee362c175c00eb6c9224aa6f41108918ca6
Default/Extensions/ghbmnnjooekpmoecnnnilnnbdlolhkhi/1.108.1_0/manifest.json,2488,1785706213,af7e2d41582a4e66f8e5d32b1a666fac8dfc472164e6916a2312c8505bf33050
Default/Extensions/ghbmnnjooekpmoecnnnilnnbdlolhkhi/1.108.1_0/offscreendocument.html,97,1785706213,b9fa2d52a4ffabb438b56184131b893b04655b01f336066415d4fe839efe64e7
Default/Extensions/ghbmnnjooekpmoecnnnilnnbdlolhkhi/1.108.1_0/offscreendocument_main.js,128657,1785706213,f73d2bda7cfe1b6106ef383e731219d7a20505511d8e9904d7aa4c1894c5d78a
Default/Extensions/ghbmnnjooekpmoecnnnilnnbdlolhkhi/1.108.1_0/page_embed_script.js,339,1785706213,f5110dc40804ceb107756deda4ba1d17cddc7bb211baa8d4b744820ed72634d7
Default/Extensions/ghbmnnjooekpmoecnnnilnnbdlolhkhi/1.108.1_0/service_worker_bin_prod.js,134576,1785706213,5b83ed539c1e9c2769e4e3cd4aa397a66bdd6cfa763e230414c0a885a350903a
Default/Extensions/nmmhkkegccagdldgiimedpiccmgmieda/1.0.0.6_0/_locales/bg/messages.json,773,1785706213,a8bb5cf3fa570bd798337f6b81696bd058a817a594b72afb3742ebb32a47dddc
Default/Extensions/nmmhkkegccagdldgiimedpiccmgmieda/1.0.0.6_0/_locales/ca/messages.json,652,1785706213,e8b4991787e773677311f3ae7559854c12cded12eb59c6fd0373171e191116a8
Default/Extensions/nmmhkkegccagdldgiimedpiccmgmieda/1.0.0.6_0/_locales/cs/messages.json,618,1785706213,bc201f50cb52a042e53d6df24e196ccbcc9a5d5dc482bfcbeb0c44686afabab7
Default/Extensions/nmmhkkegccagdldgiimedpiccmgmieda/1.0.0.6_0/_locales/da/messages.json,601,1785706213,9e5a1af181c9b7f70b9c28e2ac42061c14f9b3d6cd9a452e0f447d7ec495093d
Default/Extensions/nmmhkkegccagdldgiimedpiccmgmieda/1.0.0.6_0/_locales/de/messages.json,628,1785706213,258382bd17a9307183c331cd88733634c523ea42169e4cabb33213c0e88d4aed
Default/Extensions/nmmhkkegccagdldgiimedpiccmgmieda/1.0.0.6_0/_locales/el/messages.json,764,1785706213,d4e77302769e0d4f59d627f24194f0c3f3489adefac3903fb7d066216800896b
Default/Extensions/nmmhkkegccagdldgiimedpiccmgmieda/1.0.0.6_0/_locales/en/messages.json,570,1785706213,3a2170deeaa0559e67da96a6530e5f29b957e72155bf8ad743edef83bf363c28
Default/Extensions/nmmhkkegccagdldgiimedpiccmgmieda/1.0.0.6_0/_locales/en_GB/messages.json,570,1785706213,3a2170deeaa0559e67da96a6530e5f29b957e72155bf8ad743edef83bf363c28
Default/Extensions/nmmhkkegccagdldgiimedpiccmgmieda/1.0.0.6_0/_locales/es/messages.json,638,1785706213,c0743808e652dd81cb3c14d8d3908c5283a5c02cf15d3d7adfbce2572ad92286
Default/Extensions/nmmhkkegccagdldgiimedpiccmgmieda/1.0.0.6_0/_locales/es_419/messages.json,614,1785706213,1e4bef29513bf66f020f80c41f8f133b52ea356e593dc93f6d4f9cb2bbc221fd
Default/Extensions/nmmhkkegccagdldgiimedpiccmgmieda/1.0.0.6_0/_locales/et/messages.json,572,1785706213,fc7ed74810b611c17f6231b4bbb5c54c932b82bf45a10fa1088d542779249adf
Default/Extensions/nmmhkkegccagdldgiimedpiccmgmieda/1.0.0.6_0/_locales/fi/messages.json,624,1785706213,4ccad22d43cb7484e8696321d7402f3bd7035c3fa7ebd27df53efab0a99b4951
Default/Extensions/nmmhkkegccagdldgiimedpiccmgmieda/1.0.0.6_0/_locales/fil/messages.json,635,1785706213,f302cf73f7dcdb7abbb76887531cf60008338d4456aba4fe484eab749bb39c1a
Default/Extensions/nmmhkkegccagdldgiimedpiccmgmieda/1.0.0.6_0/_locales/fr/messages.json,654,1785706213,425c924431588edb55bc274f9b82b6dce4407fb40cd79e9c368d1db9d654b6f0
Default/Extensions/nmmhkkegccagdldgiimedpiccmgmieda/1.0.0.6_0/_locales/hi/messages.json,812,1785706213,a4e4cd5172d9c607ea486c3cf2f9da5272333f1e175d75e173399cb0738bbcd6
Default/Extensions/nmmhkkegccagdldgiimedpiccmgmieda/1.0.0.6_0/_locales/hr/messages.json,595,1785706213,713ae9ac2c4b93a66541c666bd43361d00b597d30ce18275b5fe0eab7200573b
Default/Extensions/nmmhkkegccagdldgiimedpiccmgmieda/1.0.0.6_0/_locales/hu/messages.json,660,1785706213,bbe7bef0789a6c9dff7aa760379d1f992f3efd888efca28cab8b411a8805d51a
Default/Extensions/nmmhkkegccagdldgiimedpiccmgmieda/1.0.0.6_0/_locales/id/messages.json,581,1785706213,9289dd47a5ca9d70b35dcc65260e759242ed349d75706e09930dade27ccd97e9
Default/Extensions/nmmhkkegccagdldgiimedpiccmgmieda/1.0.0.6_0/_locales/it/messages.json,580,1785706213,04539ec30baeceb570b082feb8dc21fab9b952365c7ee29feb9fcf64d5425329
Default/Extensions/nmmhkkegccagdldgiimedpiccmgmieda/1.0.0.6_0/_locales/ja/messages.json,674,1785706213,92926bcce9eccce167e261c3312fd8d41363b75fa73c04dd80482c2219a476cd
Default/Extensions/nmmhkkegccagdldgiimedpiccmgmieda/1.0.0.6_0/_locales/ko/messages.json,608,1785706213,24f0abf87d8c4799187ae8b522507edeb7f90fccda7fb0ab64e4ef899927caee
Default/Extensions/nmmhkkegccagdldgiimedpiccmgmieda/1.0.0.6_0/_locales/lt/messages.json,642,1785706213,0c058e77552ff9d0bc9f09a32213aac68faeee2f30908e031ac7c79a6d0cdf39
Default/Extensions/nmmhkkegccagdldgiimedpiccmgmieda/1.0.0.6_0/_locales/lv/messages.json,648,1785706213,6b990595bf4d81bb6e779774ca0b33895edaa5ac8925990c9bcca870dd408869
Default/Extensions/nmmhkkegccagdldgiimedpiccmgmieda/1.0.0.6_0/_locales/nb/messages.json,601,1785706213,4ad88196076f7204112ccec036e4e8b760dfb041d4df2ab94f0887aaaa262a88
Default/Extensions/nmmhkkegccagdldgiimedpiccmgmieda/1.0.0.6_0/_locales/nl/messages.json,592,1785706213,ae4110e3fb6702604fcfc5a9267d4c92aab55bd1aada3ab59a6b4737b7e3d6a6
Default/Extensions/nmmhkkegccagdldgiimedpiccmgmieda/1.0.0.6_0/_locales/pl/messages.json,613,1785706213,f55c30bce5a043a78e867f8f4cf181feacadef0cbb5d4c83402f054847bd7c80
Default/Extensions/nmmhkkegccagdldgiimedpiccmgmieda/1.0.0.6_0/_locales/pt_BR/messages.json,613,1785706213,7ff7265293b31febaa87c5f2329df5c6a8eb9f903cccd941f70fd563b5336b59
Default/Extensions/nmmhkkegccagdldgiimedpiccmgmieda/1.0.0.6_0/_locales/pt_PT/messages.json,599,1785706213,ef28551516e35caa633d3b011552c8ed2ecacbc66af83b60852e136253a4de6a
Default/Extensions/nmmhkkegccagdldgiimedpiccmgmieda/1.0.0.6_0/_locales/ro/messages.json,618,1785706213,65ee3fd8019b7146c3b006f0ca489f9eaf4ed47dfe759bc394b4bc6d46d8ea90
Default/Extensions/nmmhkkegccagdldgiimedpiccmgmieda/1.0.0.6_0/_locales/ru/messages.json,721,1785706213,d085a8dacc38cf7285bd67ff6c10cda34b1c37c577f1dbbf5be55c43c13b1eaa
Default/Extensions/nmmhkkegccagdldgiimedpiccmgmieda/1.0.0.6_0/_locales/sk/messages.json,624,1785706213,9876a7d102e915e5870b8c69dc39485c85b8546d5b4bff8c31202fba8b100d4f
Default/Extensions/nmmhkkegccagdldgiimedpiccmgmieda/1.0.0.6_0/_locales/sl/messages.json,594,1785706213,2f57689da236775e94b547419c7bd81ed1401e6d1f3dd0b11c94533a88d930a2
Default/Extensions/nmmhkkegccagdldgiimedpiccmgmieda/1.0.0.6_0/_locales/sr/messages.json,720,1785706213,66f7f84a8a20060f7f05bd9b532ea3c4d18e2392c9bdfe4481f8f35f08c9fdc1
Default/Extensions/nmmhkkegccagdldgiimedpiccmgmieda/1.0.0.6_0/_locales/sv/messages.json,607,1785706213,80da2cb02de66fd946379af43da88cbaa1d56c4c4fa0e6fea55a0760d6fac5b8
Default/Extensions/nmmhkkegccagdldgiimedpiccmgmieda/1.0.0.6_0/_locales/th/messages.json,922,1785706213,db81752467a936b153d8131a21fc5b965ce8551096d537ec8f61ba308da36304
Default/Extensions/nmmhkkegccagdldgiimedpiccmgmieda/1.0.0.6_0/_locales/tr/messages.json,608,1785706213,ef61d11d7752eb68a695fe9bbfa5f55582abd701ace6952254c786ad64467623
Default/Extensions/nmmhkkegccagdldgiimedpiccmgmieda/1.0.0.6_0/_locales/uk/messages.json,697,1785706213,28a592385c1cf1a5dc952c3df7a3069f7a527e9a26d0716f9849c9c27d2e07af
Default/Extensions/nmmhkkegccagdldgiimedpiccmgmieda/1.0.0.6_0/_locales/vi/messages.json,672,1785706213,a849cc3a067e91fed53ec39f6ffaef1a98affc14ce0b436dc97e7dd4d3837122
Default/Extensions/nmmhkkegccagdldgiimedpiccmgmieda/1.0.0.6_0/_locales/zh_CN/messages.json,572,1785706213,52b181f050eb7df9e6a74021f14da8c8c433894a1dd961094042bcd59405477b
Default/Extensions/nmmhkkegccagdldgiimedpiccmgmieda/1.0.0.6_0/_locales/zh_TW/messages.json,611,1785706213,3b9d772213d148aa99a5b893242d00bc32081c464a5a595a5f6b1a7349ee8b02
Default/Extensions/nmmhkkegccagdldgiimedpiccmgmieda/1.0.0.6_0/_metadata/computed_hashes.json,11217,1785706213,965203d541e442c107dbc6d5b395168123d0397559774beae4e5b9abc44ef268
Default/Extensions/nmmhkkegccagdldgiimedpiccmgmieda/1.0.0.6_0/_metadata/verified_contents.json,7780,1785706213,52a24fa2fb3bcb18d9d8571ae385c4a830ff98ce4c18384d40a84ea7f6ba7f69
Default/Extensions/nmmhkkegccagdldgiimedpiccmgmieda/1.0.0.6_0/craw_background.js,544643,1785706213,04cd9494b0ed83924dad12202630b20d053d9e2819c8e826a386c814cc0a1697
Default/Extensions/nmmhkkegccagdldgiimedpiccmgmieda/1.0.0.6_0/craw_window.js,261316,1785706213,5721a4b3f8e09c869a629effd350b51c9d46f0ac136717d4db6265c0ee6f9ac8
Default/Extensions/nmmhkkegccagdldgiimedpiccmgmieda/1.0.0.6_0/css/craw_window.css,1741,1785706213,10dfbd2d98950b79ee12f6b8e3885aabe31543048de56ad4fc0a5e34d0d9d4ec
Default/Extensions/nmmhkkegccagdldgiimedpiccmgmieda/1.0.0.6_0/html/craw_window.html,810,1785706213,bb8742615e4cd996ae5d0200e443ae6a6f0b473255f03affdb8fb4660de4554d
Default/Extensions/nmmhkkegccagdldgiimedpiccmgmieda/1.0.0.6_0/images/flapper.gif,70364,1785706213,2b73533f47a99ffea9cc405ffafa9c4c53623f62487aebfba415945120b22040
Default/Extensions/nmmhkkegccagdldgiimedpiccmgmieda/1.0.0.6_0/images/icon_128.png,4346,1785706213,ffabe30fdfbe544f611f47d542a6db95c785a993edbace0d7d3116cd90183b24
Default/Extensions/nmmhkkegccagdldgiimedpiccmgmieda/1.0.0.6_0/images/icon_16.png,582,1785706213,ea3a6eb816e3a8cab8f923cea33bad0a3fa29caefb92147c1a38060b9f5b3058
Default/Extensions/nmmhkkegccagdldgiimedpiccmgmieda/1.0.0.6_0/images/topbar_floating_button.png,160,1785706213,d5f9234dc36e7ffa85f35b2359a4f82276f8395efa76e4553507ea990b27fc6c
Default/Extensions/nmmhkkegccagdldgiimedpiccmgmieda/1.0.0.6_0/images/topbar_floating_button_close.png,252,1785706213,131817cd9311c03df22d769dd2ad7fa2e6e9558863a89f7e5e1657424031a937
Default/Extensions/nmmhkkegccagdldgiimedpiccmgmieda/1.0.0.6_0/images/topbar_floating_button_hover.png,160,1785706213,721b7aaa9a42a54a349881615a12e3a26983aca48e173fd2f66e66aa0d725735
Default/Extensions/nmmhkkegccagdldgiimedpiccmgmieda/1.0.0.6_0/images/topbar_floating_button_maximize.png,166,1785706213,afa4ea944cbdec8543242e627ef46d5bfd3766dcac664e7e50cdeef2b352740c
Default/Extensions/nmmhkkegccagdldgiimedpiccmgmieda/1.0.0.6_0/images/topbar_floating_button_pressed.png,160,1785706213,5c10ce0589eb115600f77381130b70ae0b7b3752614d86d4c89e857658aa222b
Default/Extensions/nmmhkkegccagdldgiimedpiccmgmieda/1.0.0.6_0/manifest.json,1295,1785706213,5dbdf0ed368be287abaff83d639b760fa5d7dc8a28e92387773b4fd3e1ba4f19
Default/Favicons,24576,1785706234,71ca3777169e87f75009e4b7d05488f3804739e19a05f4ad7479fd20afcd267b
Default/Favicons-journal,0,1785706234,e3b0c44298fc1c149afbf4c8996fb92427ae41e4649b934ca495991b7852b855
Default/Feature Engagement Tracker/AvailabilityDB/LOCK,0,1785706213,e3b0c44298fc1c149afbf4c8996fb92427ae41e4649b934ca495991b7852b855
Default/Feature Engagement Tracker/AvailabilityDB/LOG,0,1785706213,e3b0c44298fc1c149afbf4c8996fb92427ae41e4649b934ca495991b7852b855
Default/Feature Engagement Tracker/EventDB/LOCK,0,1785706213,e3b0c44298fc1c149afbf4c8996fb92427ae41e4649b934ca495991b7852b855
Default/Feature Engagement Tracker/EventDB/LOG,0,1785706213,e3b0c44298fc1c149afbf4c8996fb92427ae41e4649b934ca495991b7852b855
Default/GCM Store/000003.log,1142,1785706237,c2619a1d4869031b038a95165e8169998e4fcd2b698520149d2bf98be630290f
Default/GCM Store/CURRENT,16,1785706213,0f1bad70c7bd1e0a69562853ec529355462fcd0423263a3d39d6d0d70b780443
Default/GCM Store/Encryption/000003.log,0,1785706213,e3b0c44298fc1c149afbf4c8996fb92427ae41e4649b934ca495991b7852b855
Default/GCM Store/Encryption/CURRENT,16,1785706213,0f1bad70c7bd1e0a69562853ec529355462fcd0423263a3d39d6d0d70b780443
Default/GCM Store/Encryption/LOCK,0,1785706213,e3b0c44298fc1c149afbf4c8996fb92427ae41e4649b934ca495991b7852b855
Default/GCM Store/Encryption/LOG,247,1785706213,5e4303f8363989e705e89ee04030160e53fa5ca2cbb78715dfac8b9066efc995
Default/GCM Store/Encryption/MANIFEST-000001,41,1785706213,f9d31b278e215eb0d0e9cd709edfa037e828f36214ab7906f612160fead4b2b4
Default/GCM Store/LOCK,0,1785706213,e3b0c44298fc1c149afbf4c8996fb92427ae41e4649b934ca495991b7852b855
Default/GCM Store/LOG,225,1785706213,f877061c0f167c87c1b5cea378682e9da226963165f63194b73a13dfe01fc244
Default/GCM Store/MANIFEST-000001,41,1785706213,f9d31b278e215eb0d0e9cd709edfa037e828f36214ab7906f612160fead4b2b4
Default/GPUCache/data_0,8192,1785706211,d6a5fe39cd672781b256e0e3102f7022635f1d4bb7cfcc90a80fffe4d0f3877e
Default/GPUCache/data_1,270336,1785706351,5ef4ebfe01c9b333c261a49807e9067a6fdaf190435c5020abb12029d8c2956e
Default/GPUCache/data_2,8192,1785706211,ec1702806f4cc7c42a82fc2b38e89835fde7c64bb32060e0823c9077ca92efb7
Default/GPUCache/data_3,8192,1785706211,e09f42c398d688dce168570291f1f92d079987deda3099a34adb9e8c0522b30c
Default/GPUCache/index,262512,1785706211,c8a628c5e1b30ca066488e3a9c88a135a82860b962e40df9fa1c04bf0e55b5a0
Default/History,163840,1785706351,d5988610dfb7a3d8fa947df4114c29e699102b9c9d2872aac21747da9da7861d
Default/History-journal,0,1785706351,e3b0c44298fc1c149afbf4c8996fb92427ae41e4649b934ca495991b7852b855
Default/LOCK,0,1785706211,e3b0c44298fc1c149afbf4c8996fb92427ae41e4649b934ca495991b7852b855
Default/LOG,0,1785706211,e3b0c44298fc1c149afbf4c8996fb92427ae41e4649b934ca495991b7852b855
Default/Local Extension Settings/ghbmnnjooekpmoecnnnilnnbdlolhkhi/000003.log,49,1785706214,9d89630da3bde9505d4c2cc684eb01c2d4d7d11028d01d309aca12b064f779e6
Default/Local Extension Settings/ghbmnnjooekpmoecnnnilnnbdlolhkhi/CURRENT,16,1785706214,0f1bad70c7bd1e0a69562853ec529355462fcd0423263a3d39d6d0d70b780443
Default/Local Extension Settings/ghbmnnjooekpmoecnnnilnnbdlolhkhi/LOCK,0,1785706214,e3b0c44298fc1c149afbf4c8996fb92427ae41e4649b934ca495991b7852b855
Default/Local Extension Settings/ghbmnnjooekpmoecnnnilnnbdlolhkhi/LOG,321,1785706214,456a461eff3ba056b54401a7f16f82e8d04fea7943ee7d29e4a8fcdf3bed1c54
Default/Local Extension Settings/ghbmnnjooekpmoecnnnilnnbdlolhkhi/MANIFEST-000001,41,1785706214,f9d31b278e215eb0d0e9cd709edfa037e828f36214ab7906f612160fead4b2b4
Default/Local Storage/leveldb/000003.log,1421,1785706271,84d49edcff63d854d5edbce72c3939936fdcdb620aa26bb2512afd33fb89b6f1
Default/Local Storage/leveldb/CURRENT,16,1785706211,0f1bad70c7bd1e0a69562853ec529355462fcd0423263a3d39d6d0d70b780443
Default/Local Storage/leveldb/LOCK,0,1785706211,e3b0c44298fc1c149afbf4c8996fb92427ae41e4649b934ca495991b7852b855
Default/Local Storage/leveldb/LOG,249,1785706211,4aa80dc11fcf8949690ddd8634463672cecc16c2d23b6b2cb51ea6648d7a4e54
Default/Local Storage/leveldb/MANIFEST-000001,41,1785706211,f9d31b278e215eb0d0e9cd709edfa037e828f36214ab7906f612160fead4b2b4
Default/Login Data,40960,1785706211,05e8c5e696093d57d273f916a2c9f2ef9b055eea6cb41f3ae258255409a89012
Default/Login Data For Account,40960,1785706211,05e8c5e696093d57d273f916a2c9f2ef9b055eea6cb41f3ae258255409a89012
Default/Login Data For Account-journal,0,1785706211,e3b0c44298fc1c149afbf4c8996fb92427ae41e4649b934ca495991b7852b855
Default/Login Data-journal,0,1785706211,e3b0c44298fc1c149afbf4c8996fb92427ae41e4649b934ca495991b7852b855
Default/Network Action Predictor,53248,1785706255,77195ad88fa446e29b5307131009afa0ac2b5a295803038ab1d9cb2d2e287144
Default/Network Action Predictor-journal,0,1785706255,e3b0c44298fc1c149afbf4c8996fb92427ae41e4649b934ca495991b7852b855
Default/Network Persistent State,3646,1785706350,fc241fdc888eef463ed29af7ab0f24fff5174d3229cf87916afa999d8b6d8448
Default/PersistentOriginTrials/LOCK,0,1785706211,e3b0c44298fc1c149afbf4c8996fb92427ae41e4649b934ca495991b7852b855
Default/PersistentOriginTrials/LOG,0,1785706211,e3b0c44298fc1c149afbf4c8996fb92427ae41e4649b934ca495991b7852b855
Default/Preferences,17137,1785706351,dd23804782da488b6c3fd940fecd47e4a9834e140923eac05138e5644ba1110b
Default/PreferredApps,33,1785706213,42b55d126d1e640b1ed7a6bdcb9a46c81df461fa7e131f4f8c7108c2c61c14de
Default/README,180,1785706211,c43668eec4a8d88a5b3a06a84f8846853fe33e54293c2db56899a5a5dfb4d944
Default/Reporting and NEL,36864,1785706242,0f10ac3ca0a838adc548758e9e5f8254c7afca7730a5eb4148afb2340ac61230
Default/Reporting and NEL-journal,0,1785706242,e3b0c44298fc1c149afbf4c8996fb92427ae41e4649b934ca495991b7852b855
Default/Secure Preferences,19635,1785706351,4b325feb34190c2506168e3f8e6dcdbcf9aeb8e7352177a8557cc4443a63ccf5
Default/Segmentation Platform/SegmentInfoDB/LOCK,0,1785706211,e3b0c44298fc1c149afbf4c8996fb92427ae41e4649b934ca495991b7852b855
Default/Segmentation Platform/SegmentInfoDB/LOG,0,1785706211,e3b0c44298fc1c149afbf4c8996fb92427ae41e4649b934ca495991b7852b855
Default/Segmentation Platform/SignalDB/LOCK,0,1785706211,e3b0c44298fc1c149afbf4c8996fb92427ae41e4649b934ca495991b7852b855
Default/Segmentation Platform/SignalDB/LOG,0,1785706211,e3b0c44298fc1c149afbf4c8996fb92427ae41e4649b934ca495991b7852b855
Default/Segmentation Platform/SignalStorageConfigDB/LOCK,0,1785706211,e3b0c44298fc1c149afbf4c8996fb92427ae41e4649b934ca495991b7852b855
Default/Segmentation Platform/SignalStorageConfigDB/LOG,0,1785706211,e3b0c44298fc1c149afbf4c8996fb92427ae41e4649b934ca495991b7852b855
Default/ServerCertificate,20480,1785706211,4d2411474fd0bd7237bae798a21959c422dccc3275d742b8de4440cc244b22ce
Default/ServerCertificate-journal,0,1785706211,e3b0c44298fc1c149afbf4c8996fb92427ae41e4649b934ca495991b7852b855
Default/Service Worker/Database/000003.log,2296,1785706214,f8f477c92fe111a4e40b2d6593b8edc3d5d8ceac02ae792f119310ea2649567a
Default/Service Worker/Database/CURRENT,16,1785706211,0f1bad70c7bd1e0a69562853ec529355462fcd0423263a3d39d6d0d70b780443
Default/Service Worker/Database/LOCK,0,1785706211,e3b0c44298fc1c149afbf4c8996fb92427ae41e4649b934ca495991b7852b855
Default/Service Worker/Database/LOG,253,1785706211,1a4cd7994c598e7418c8c0342f929cc393be0cecd73fc42c00656843ae927e88
Default/Service Worker/Database/MANIFEST-000001,41,1785706211,f9d31b278e215eb0d0e9cd709edfa037e828f36214ab7906f612160fead4b2b4
Default/Service Worker/ScriptCache/2cc80dabc69f58b6_0,472,1785706211,7433e2de592bac3d53e34206cd580d140d107eae0defa146b238d209d3b34c87
Default/Service Worker/ScriptCache/4cb013792b196a35_0,10387,1785706211,9bfcd210dc08c82ce5d351f0b2e015d246be763173e1310cc3fe651d99c308aa
Default/Service Worker/ScriptCache/4cb013792b196a35_1,7201,1785706211,b73f24ea824e30fce86d5e8e19c14d43fecf156181c99e3ab8d9653f005f6203
Default/Service Worker/ScriptCache/f1cdccba37924bda_0,134973,1785706214,ebf1f2655cd271ebae273b4df3478c81040a29a99e91f37e6cbcacf51f0538ea
Default/Service Worker/ScriptCache/f1cdccba37924bda_1,338433,1785706214,c890f9a5ad617c5c1b5471147a47cea074dee9f5411b67eef5e2fd0c1337cc08
Default/Service Worker/ScriptCache/index,24,1785706211,fbcfe23a2ecb82b7100c50811691dde0a33aa3da8d176be9882a9db485dc0f2d
Default/Service Worker/ScriptCache/index-dir/the-real-index,120,1785706234,1a67b6e86a292487d3efda506bc8686a119fe76ce935a0e40533e69ba5464e2d
Default/Session Storage/000003.log,201,1785706226,388d04b582928fa762c4f79c15f902d4d813fbcc0f8496124b34ddd739e9c556
Default/Session Storage/CURRENT,16,1785706211,0f1bad70c7bd1e0a69562853ec529355462fcd0423263a3d39d6d0d70b780443
Default/Session Storage/LOCK,0,1785706211,e3b0c44298fc1c149afbf4c8996fb92427ae41e4649b934ca495991b7852b855
Default/Session Storage/LOG,237,1785706211,bfdecc4dc47c722ea61131c5cc509ec8092c2b1cd2c80a14c4d09b2c57c2582e
Default/Session Storage/MANIFEST-000001,41,1785706211,f9d31b278e215eb0d0e9cd709edfa037e828f36214ab7906f612160fead4b2b4
Default/Sessions/Session_13430179813715425,16212,1785706237,a0b889fdf7b24a4ecd40b9b442e634f9cf19ee4fb739900874ad1df34e11af95
Default/Sessions/Tabs_13430179951236979,4744,1785706351,35df94848517316f54221830e0b6a98e82cd767638cd9b4c0063705dd1c92d58
Default/Shared Dictionary/cache/index,24,1785706211,fbcfe23a2ecb82b7100c50811691dde0a33aa3da8d176be9882a9db485dc0f2d
Default/Shared Dictionary/cache/index-dir/the-real-index,48,1785706211,3a8d317f5d06e238bf8c34d813bddf7f798f56fef8494d09564f397fbc83e68c
Default/Shared Dictionary/db,45056,1785706211,fbb86c665b2fed35c372ce8996eb1c4e31082aedd6ad5fc6086cfac889c3471b
Default/Shared Dictionary/db-journal,0,1785706211,e3b0c44298fc1c149afbf4c8996fb92427ae41e4649b934ca495991b7852b855
Default/SharedStorage,4096,1785706331,0ab48b25cba617ed3a4acca0161813b314c095ef63544bb4af60769eb1012977
Default/Shortcuts,20480,1785706213,7766a9b60e33ceb16bfc581390f10a79361348e2271d02235c23f77b744d6b4d
Default/Shortcuts-journal,0,1785706213,e3b0c44298fc1c149afbf4c8996fb92427ae41e4649b934ca495991b7852b855
Default/Site Characteristics Database/000003.log,406,1785706351,de8f2636b13b54ef9838e2fe87a179254ccffb5a6d52ce31ba76afb70c4da042
Default/Site Characteristics Database/CURRENT,16,1785706211,0f1bad70c7bd1e0a69562853ec529355462fcd0423263a3d39d6d0d70b780443
Default/Site Characteristics Database/LOCK,0,1785706211,e3b0c44298fc1c149afbf4c8996fb92427ae41e4649b934ca495991b7852b855
Default/Site Characteristics Database/LOG,265,1785706211,2d2be78da6a9fff5b15585389505eecae68ddf1f7362caf110f468c171eafb08
Default/Site Characteristics Database/MANIFEST-000001,41,1785706211,f9d31b278e215eb0d0e9cd709edfa037e828f36214ab7906f612160fead4b2b4
Default/Storage/ext/nmmhkkegccagdldgiimedpiccmgmieda/def/Code Cache/js/5dea14b9816ec6d9_0,308,1785706213,e629794c47c633b8084d0ff5567e037c34422ea6735e9e15bfdddcb776e08145
Default/Storage/ext/nmmhkkegccagdldgiimedpiccmgmieda/def/Code Cache/js/index,24,1785706213,fbcfe23a2ecb82b7100c50811691dde0a33aa3da8d176be9882a9db485dc0f2d
Default/Storage/ext/nmmhkkegccagdldgiimedpiccmgmieda/def/Code Cache/js/index-dir/the-real-index,72,1785706233,c314fbc88f7d69028335870b112b906493968721e469ffe69060c33cd9042766
Default/Storage/ext/nmmhkkegccagdldgiimedpiccmgmieda/def/Code Cache/wasm/index,24,1785706213,fbcfe23a2ecb82b7100c50811691dde0a33aa3da8d176be9882a9db485dc0f2d
Default/Storage/ext/nmmhkkegccagdldgiimedpiccmgmieda/def/Code Cache/wasm/index-dir/the-real-index,48,1785706213,fe0ac071d939d62f013b3c5d604b20c9d3cd065cfdf8f1aaccdd88d330f8778b
Default/Storage/ext/nmmhkkegccagdldgiimedpiccmgmieda/def/DawnGraphiteCache/data_0,8192,1785706213,d6a5fe39cd672781b256e0e3102f7022635f1d4bb7cfcc90a80fffe4d0f3877e
Default/Storage/ext/nmmhkkegccagdldgiimedpiccmgmieda/def/DawnGraphiteCache/data_1,270336,1785706228,b1e963d702392fb7224786e7d56d43973e9b9efd1b89c17814d7c558ffc0cdec
Default/Storage/ext/nmmhkkegccagdldgiimedpiccmgmieda/def/DawnGraphiteCache/data_2,8192,1785706213,ec1702806f4cc7c42a82fc2b38e89835fde7c64bb32060e0823c9077ca92efb7
Default/Storage/ext/nmmhkkegccagdldgiimedpiccmgmieda/def/DawnGraphiteCache/data_3,8192,1785706213,e09f42c398d688dce168570291f1f92d079987deda3099a34adb9e8c0522b30c
Default/Storage/ext/nmmhkkegccagdldgiimedpiccmgmieda/def/DawnGraphiteCache/index,262512,1785706213,27af19432fb08caedfe41def86a72e6db06f169007166d0b97367ed208314af5
Default/Storage/ext/nmmhkkegccagdldgiimedpiccmgmieda/def/DawnWebGPUCache/data_0,8192,1785706213,d6a5fe39cd672781b256e0e3102f7022635f1d4bb7cfcc90a80fffe4d0f3877e
Default/Storage/ext/nmmhkkegccagdldgiimedpiccmgmieda/def/DawnWebGPUCache/data_1,270336,1785706228,b1e963d702392fb7224786e7d56d43973e9b9efd1b89c17814d7c558ffc0cdec
Default/Storage/ext/nmmhkkegccagdldgiimedpiccmgmieda/def/DawnWebGPUCache/data_2,8192,1785706213,ec1702806f4cc7c42a82fc2b38e89835fde7c64bb32060e0823c9077ca92efb7
Default/Storage/ext/nmmhkkegccagdldgiimedpiccmgmieda/def/DawnWebGPUCache/data_3,8192,1785706213,e09f42c398d688dce168570291f1f92d079987deda3099a34adb9e8c0522b30c
Default/Storage/ext/nmmhkkegccagdldgiimedpiccmgmieda/def/DawnWebGPUCache/index,262512,1785706213,91011d55e30728334b7048c949037d2c6afee6b3c9522f5871ea7e4f7c1d245f
Default/Storage/ext/nmmhkkegccagdldgiimedpiccmgmieda/def/GPUCache/data_0,8192,1785706213,d6a5fe39cd672781b256e0e3102f7022635f1d4bb7cfcc90a80fffe4d0f3877e
Default/Storage/ext/nmmhkkegccagdldgiimedpiccmgmieda/def/GPUCache/data_1,270336,1785706228,b1e963d702392fb7224786e7d56d43973e9b9efd1b89c17814d7c558ffc0cdec
Default/Storage/ext/nmmhkkegccagdldgiimedpiccmgmieda/def/GPUCache/data_2,8192,1785706213,ec1702806f4cc7c42a82fc2b38e89835fde7c64bb32060e0823c9077ca92efb7
Default/Storage/ext/nmmhkkegccagdldgiimedpiccmgmieda/def/GPUCache/data_3,8192,1785706213,e09f42c398d688dce168570291f1f92d079987deda3099a34adb9e8c0522b30c
Default/Storage/ext/nmmhkkegccagdldgiimedpiccmgmieda/def/GPUCache/index,262512,1785706213,7a60dbc91b37aac03ca72fb3e718bf61dcbcccd9715dd3c7ede866479f4923a1
Default/Storage/ext/nmmhkkegccagdldgiimedpiccmgmieda/def/Local Storage/leveldb/000003.log,49,1785706273,af47b5d07d2f1aa55711e00774a429289267a82e604602df8fdd2c5047626159
Default/Storage/ext/nmmhkkegccagdldgiimedpiccmgmieda/def/Local Storage/leveldb/CURRENT,16,1785706213,0f1bad70c7bd1e0a69562853ec529355462fcd0423263a3d39d6d0d70b780443
Default/Storage/ext/nmmhkkegccagdldgiimedpiccmgmieda/def/Local Storage/leveldb/LOCK,0,1785706213,e3b0c44298fc1c149afbf4c8996fb92427ae41e4649b934ca495991b7852b855
Default/Storage/ext/nmmhkkegccagdldgiimedpiccmgmieda/def/Local Storage/leveldb/LOG,347,1785706213,febc4b15dacd1adf359723e3f642c9a993f5f465e577267f064268b69c8316b7
Default/Storage/ext/nmmhkkegccagdldgiimedpiccmgmieda/def/Local Storage/leveldb/MANIFEST-000001,41,1785706213,f9d31b278e215eb0d0e9cd709edfa037e828f36214ab7906f612160fead4b2b4
Default/Storage/ext/nmmhkkegccagdldgiimedpiccmgmieda/def/Network Persistent State,59,1785706223,377223e23c7704c19d6f674c540698b8937e51d3a2f5ffbf2c90a3e65c4bcafc
Default/Storage/ext/nmmhkkegccagdldgiimedpiccmgmieda/def/Session Storage/000003.log,49,1785706229,ffd700cf04be6fe8d51e2ffb8a2e37bc3fa95a6679a4102fa35e8494c2350eae
Default/Storage/ext/nmmhkkegccagdldgiimedpiccmgmieda/def/Session Storage/CURRENT,16,1785706228,0f1bad70c7bd1e0a69562853ec529355462fcd0423263a3d39d6d0d70b780443
Default/Storage/ext/nmmhkkegccagdldgiimedpiccmgmieda/def/Session Storage/LOCK,0,1785706228,e3b0c44298fc1c149afbf4c8996fb92427ae41e4649b934ca495991b7852b855
Default/Storage/ext/nmmhkkegccagdldgiimedpiccmgmieda/def/Session Storage/LOG,335,1785706228,10c7267cc7c8b2b32337677be0d0c277489fd22297d9612e34e106856f415b9a
Default/Storage/ext/nmmhkkegccagdldgiimedpiccmgmieda/def/Session Storage/MANIFEST-000001,41,1785706228,f9d31b278e215eb0d0e9cd709edfa037e828f36214ab7906f612160fead4b2b4
Default/Storage/ext/nmmhkkegccagdldgiimedpiccmgmieda/def/Shared Dictionary/cache/index,24,1785706213,fbcfe23a2ecb82b7100c50811691dde0a33aa3da8d176be9882a9db485dc0f2d
Default/Storage/ext/nmmhkkegccagdldgiimedpiccmgmieda/def/Shared Dictionary/cache/index-dir/the-real-index,48,1785706213,3f5999e7dd7f0dd76fa3b62c727b9cddb309727a51e0fe95b6fa4de8023e576a
Default/Storage/ext/nmmhkkegccagdldgiimedpiccmgmieda/def/Shared Dictionary/db,45056,1785706213,fbb86c665b2fed35c372ce8996eb1c4e31082aedd6ad5fc6086cfac889c3471b
Default/Storage/ext/nmmhkkegccagdldgiimedpiccmgmieda/def/Shared Dictionary/db-journal,0,1785706213,e3b0c44298fc1c149afbf4c8996fb92427ae41e4649b934ca495991b7852b855
Default/Storage/ext/nmmhkkegccagdldgiimedpiccmgmieda/def/SharedStorage,4096,1785706333,0ab48b25cba617ed3a4acca0161813b314c095ef63544bb4af60769eb1012977
Default/Storage/ext/nmmhkkegccagdldgiimedpiccmgmieda/def/Trust Tokens,36864,1785706213,8b5a62a399e316009e0c0ee1727ede327893d7f82f38a136e795422b3f9c333c
Default/Storage/ext/nmmhkkegccagdldgiimedpiccmgmieda/def/Trust Tokens-journal,0,1785706213,e3b0c44298fc1c149afbf4c8996fb92427ae41e4649b934ca495991b7852b855
Default/Storage/ext/nmmhkkegccagdldgiimedpiccmgmieda/def/declarative_performance_observer.db,32768,1785706213,610da3f204433431c7c0626b7488888cc40e732ebe759f6399a8ac348eb4ca25
Default/Storage/ext/nmmhkkegccagdldgiimedpiccmgmieda/def/declarative_performance_observer.db-journal,0,1785706213,e3b0c44298fc1c149afbf4c8996fb92427ae41e4649b934ca495991b7852b855
Default/Sync Data/LevelDB/000003.log,3110,1785706213,e3147fe5b6d9a8793cb90384f3c116e9ae2f067b3c3feaa207d036f57fd8d433
Default/Sync Data/LevelDB/CURRENT,16,1785706211,0f1bad70c7bd1e0a69562853ec529355462fcd0423263a3d39d6d0d70b780443
Default/Sync Data/LevelDB/LOCK,0,1785706211,e3b0c44298fc1c149afbf4c8996fb92427ae41e4649b934ca495991b7852b855
Default/Sync Data/LevelDB/LOG,241,1785706211,f31abc30f539b17a6e07bfe761910a624b28707dbd5a0e3f1d036ac6ced90fda
Default/Sync Data/LevelDB/MANIFEST-000001,41,1785706211,f9d31b278e215eb0d0e9cd709edfa037e828f36214ab7906f612160fead4b2b4
Default/Top Sites,20480,1785706211,24a57a960b1378987fbba77c308386afa61c104901e89df6df498414e1e46dcc
Default/Top Sites-journal,0,1785706211,e3b0c44298fc1c149afbf4c8996fb92427ae41e4649b934ca495991b7852b855
Default/Trust Tokens,36864,1785706211,8b5a62a399e316009e0c0ee1727ede327893d7f82f38a136e795422b3f9c333c
Default/Trust Tokens-journal,0,1785706211,e3b0c44298fc1c149afbf4c8996fb92427ae41e4649b934ca495991b7852b855
Default/Web Applications/Manifest Resources/aghbiahbpaijignceidepookljebhfak/Icons/128.png,10243,1785706213,36fa37d7b13869e4ab189350764cab7b7006f24dc85b8998dba7fe6d1a229da4
Default/Web Applications/Manifest Resources/aghbiahbpaijignceidepookljebhfak/Icons/192.png,10103,1785706213,ec1370090506692a566f9572cf962fe24819c496793229adb93b4e25524bf625
Default/Web Applications/Manifest Resources/aghbiahbpaijignceidepookljebhfak/Icons/256.png,30010,1785706213,7ca88ce2772a18613c1c30b8715bc435942cb8e112185515a342e282b449e8d5
Default/Web Applications/Manifest Resources/aghbiahbpaijignceidepookljebhfak/Icons/32.png,1854,1785706213,efeb751507c77b56963b563705e3d20325805e332988bb3e48cd891e2dd11b3c
Default/Web Applications/Manifest Resources/aghbiahbpaijignceidepookljebhfak/Icons/48.png,2982,1785706213,82fc9e7be1c1dc78bcca8c54db0fcd89e4658d542070b418b1d3f0c82e1a7389
Default/Web Applications/Manifest Resources/aghbiahbpaijignceidepookljebhfak/Icons/64.png,4159,1785706213,88ee95cc4940438e85c0f103638c8bfc8f326bc25c7223c5f6455657b0fcb128
Default/Web Applications/Manifest Resources/aghbiahbpaijignceidepookljebhfak/Icons/96.png,6955,1785706213,3d5cf5e1f10b583ed4f0bb84e82e5adef1dae546ff7befc7974d459ba807b542
Default/Web Applications/Manifest Resources/aghbiahbpaijignceidepookljebhfak/Trusted Icons/Icons/128.png,10243,1785706213,36fa37d7b13869e4ab189350764cab7b7006f24dc85b8998dba7fe6d1a229da4
Default/Web Applications/Manifest Resources/aghbiahbpaijignceidepookljebhfak/Trusted Icons/Icons/192.png,10103,1785706213,ec1370090506692a566f9572cf962fe24819c496793229adb93b4e25524bf625
Default/Web Applications/Manifest Resources/aghbiahbpaijignceidepookljebhfak/Trusted Icons/Icons/256.png,30010,1785706213,7ca88ce2772a18613c1c30b8715bc435942cb8e112185515a342e282b449e8d5
Default/Web Applications/Manifest Resources/aghbiahbpaijignceidepookljebhfak/Trusted Icons/Icons/32.png,1854,1785706213,efeb751507c77b56963b563705e3d20325805e332988bb3e48cd891e2dd11b3c
Default/Web Applications/Manifest Resources/aghbiahbpaijignceidepookljebhfak/Trusted Icons/Icons/48.png,2982,1785706213,82fc9e7be1c1dc78bcca8c54db0fcd89e4658d542070b418b1d3f0c82e1a7389
Default/Web Applications/Manifest Resources/aghbiahbpaijignceidepookljebhfak/Trusted Icons/Icons/64.png,4159,1785706213,88ee95cc4940438e85c0f103638c8bfc8f326bc25c7223c5f6455657b0fcb128
Default/Web Applications/Manifest Resources/aghbiahbpaijignceidepookljebhfak/Trusted Icons/Icons/96.png,6955,1785706213,3d5cf5e1f10b583ed4f0bb84e82e5adef1dae546ff7befc7974d459ba807b542
Default/Web Applications/Manifest Resources/agimnkijcaahngcdmfeangaknmldooml/Icons/128.png,10369,1785706213,21e62dd92c76155912fca7c320837039c05d087d2a6590e7637b9e82ce576947
Default/Web Applications/Manifest Resources/agimnkijcaahngcdmfeangaknmldooml/Icons/192.png,7081,1785706213,62fa13461b5d8d6fb313a58ad0f60f461a80e68aefc1931755ffa4c2a8510fb6
Default/Web Applications/Manifest Resources/agimnkijcaahngcdmfeangaknmldooml/Icons/256.png,26383,1785706213,b48e75f50a26c8a54b6aa4c2d866bba84e15035a9567cc7c51ab7ea2e29f367b
Default/Web Applications/Manifest Resources/agimnkijcaahngcdmfeangaknmldooml/Icons/32.png,1572,1785706213,7cce326e62b1efd08d37bee0c3cd20258a2527e5b267a359c03240a76badced0
Default/Web Applications/Manifest Resources/agimnkijcaahngcdmfeangaknmldooml/Icons/48.png,2572,1785706213,442bdbf96a0bbf2274f4f2a7a2a27bcf0e0851131284797df90bff59f738894d
Default/Web Applications/Manifest Resources/agimnkijcaahngcdmfeangaknmldooml/Icons/64.png,3945,1785706213,6b2ff6fdec1a618e884b82acdff34292f05002959e1ccabf9c2723d383a47f98
Default/Web Applications/Manifest Resources/agimnkijcaahngcdmfeangaknmldooml/Icons/96.png,7033,1785706213,8b45cd8893a8f096233044c28161139a3751b81f48751ad3bbc761f6db19f8d9
Default/Web Applications/Manifest Resources/agimnkijcaahngcdmfeangaknmldooml/Trusted Icons/Icons/128.png,10369,1785706213,21e62dd92c76155912fca7c320837039c05d087d2a6590e7637b9e82ce576947
Default/Web Applications/Manifest Resources/agimnkijcaahngcdmfeangaknmldooml/Trusted Icons/Icons/192.png,7081,1785706213,62fa13461b5d8d6fb313a58ad0f60f461a80e68aefc1931755ffa4c2a8510fb6
Default/Web Applications/Manifest Resources/agimnkijcaahngcdmfeangaknmldooml/Trusted Icons/Icons/256.png,26383,1785706213,b48e75f50a26c8a54b6aa4c2d866bba84e15035a9567cc7c51ab7ea2e29f367b
Default/Web Applications/Manifest Resources/agimnkijcaahngcdmfeangaknmldooml/Trusted Icons/Icons/32.png,1572,1785706213,7cce326e62b1efd08d37bee0c3cd20258a2527e5b267a359c03240a76badced0
Default/Web Applications/Manifest Resources/agimnkijcaahngcdmfeangaknmldooml/Trusted Icons/Icons/48.png,2572,1785706213,442bdbf96a0bbf2274f4f2a7a2a27bcf0e0851131284797df90bff59f738894d
Default/Web Applications/Manifest Resources/agimnkijcaahngcdmfeangaknmldooml/Trusted Icons/Icons/64.png,3945,1785706213,6b2ff6fdec1a618e884b82acdff34292f05002959e1ccabf9c2723d383a47f98
Default/Web Applications/Manifest Resources/agimnkijcaahngcdmfeangaknmldooml/Trusted Icons/Icons/96.png,7033,1785706213,8b45cd8893a8f096233044c28161139a3751b81f48751ad3bbc761f6db19f8d9
Default/Web Applications/Manifest Resources/fhihpiojkbmbpdjeoajapmgkhlnakfjf/Icons/128.png,7998,1785706213,f347cab07bc35efee9af2cd12d1759679c95ed4301ef9b26f63a3c3ca01b81a8
Default/Web Applications/Manifest Resources/fhihpiojkbmbpdjeoajapmgkhlnakfjf/Icons/192.png,8310,1785706213,a40d5f045ad67b296abb8c3aedebad36d11de19c27ab991e0e27ec8cd5e09e18
Default/Web Applications/Manifest Resources/fhihpiojkbmbpdjeoajapmgkhlnakfjf/Icons/256.png,22274,1785706213,f6a845fa0308781327f9f9f3f1d657a64348b50ed7c8613e69d76d7d2f8b8adc
Default/Web Applications/Manifest Resources/fhihpiojkbmbpdjeoajapmgkhlnakfjf/Icons/32.png,1273,1785706213,61df75b6fe5027556482806e295bdb5d7720a51771bdcc1b377b70829b40f22c
Default/Web Applications/Manifest Resources/fhihpiojkbmbpdjeoajapmgkhlnakfjf/Icons/48.png,2149,1785706213,a515ad281e595a9f3e1967a07b2bdf613f651cba1b048fa55e7ba86af0394f7a
Default/Web Applications/Manifest Resources/fhihpiojkbmbpdjeoajapmgkhlnakfjf/Icons/64.png,2960,1785706213,42afb31349eebbfaa6289cf8a5c65288fb7b4cdff5cb99823e7f93a992629a3b
Default/Web Applications/Manifest Resources/fhihpiojkbmbpdjeoajapmgkhlnakfjf/Icons/96.png,5149,1785706213,e1ea1bd9d66f0f7b550a43af33073cc80a270d2ec0cad510ccecb64e50d9c0ae
Default/Web Applications/Manifest Resources/fhihpiojkbmbpdjeoajapmgkhlnakfjf/Trusted Icons/Icons/128.png,7998,1785706213,f347cab07bc35efee9af2cd12d1759679c95ed4301ef9b26f63a3c3ca01b81a8
Default/Web Applications/Manifest Resources/fhihpiojkbmbpdjeoajapmgkhlnakfjf/Trusted Icons/Icons/192.png,8310,1785706213,a40d5f045ad67b296abb8c3aedebad36d11de19c27ab991e0e27ec8cd5e09e18
Default/Web Applications/Manifest Resources/fhihpiojkbmbpdjeoajapmgkhlnakfjf/Trusted Icons/Icons/256.png,22274,1785706213,f6a845fa0308781327f9f9f3f1d657a64348b50ed7c8613e69d76d7d2f8b8adc
Default/Web Applications/Manifest Resources/fhihpiojkbmbpdjeoajapmgkhlnakfjf/Trusted Icons/Icons/32.png,1273,1785706213,61df75b6fe5027556482806e295bdb5d7720a51771bdcc1b377b70829b40f22c
Default/Web Applications/Manifest Resources/fhihpiojkbmbpdjeoajapmgkhlnakfjf/Trusted Icons/Icons/48.png,2149,1785706213,a515ad281e595a9f3e1967a07b2bdf613f651cba1b048fa55e7ba86af0394f7a
Default/Web Applications/Manifest Resources/fhihpiojkbmbpdjeoajapmgkhlnakfjf/Trusted Icons/Icons/64.png,2960,1785706213,42afb31349eebbfaa6289cf8a5c65288fb7b4cdff5cb99823e7f93a992629a3b
Default/Web Applications/Manifest Resources/fhihpiojkbmbpdjeoajapmgkhlnakfjf/Trusted Icons/Icons/96.png,5149,1785706213,e1ea1bd9d66f0f7b550a43af33073cc80a270d2ec0cad510ccecb64e50d9c0ae
Default/Web Applications/Manifest Resources/fmgjjmmmlfnkbppncabfkddbjimcfncm/Icons/128.png,8591,1785706213,05043c90fd7c795f665f7d4374673857da8ba578ef01a9563cf81bf98410de57
Default/Web Applications/Manifest Resources/fmgjjmmmlfnkbppncabfkddbjimcfncm/Icons/192.png,7564,1785706213,e77ddd838401a22545cde73bc8dadabfb059ea65ef0784836c7dc823ffbb587a
Default/Web Applications/Manifest Resources/fmgjjmmmlfnkbppncabfkddbjimcfncm/Icons/256.png,21836,1785706213,02d9d896281e088a9ef8562cc1dce71ffba7db465f7379a0bb69ddf3dc2de52e
Default/Web Applications/Manifest Resources/fmgjjmmmlfnkbppncabfkddbjimcfncm/Icons/32.png,1650,1785706213,4ef6af3958daea67637a1034e4ff3910360c34f8d5bba1bd15dcdf7078bc3c77
Default/Web Applications/Manifest Resources/fmgjjmmmlfnkbppncabfkddbjimcfncm/Icons/48.png,2751,1785706213,c9a6445efb6b3ed818d1e703f82f6c0445b49efc69b1480c61cdb2944114f523
Default/Web Applications/Manifest Resources/fmgjjmmmlfnkbppncabfkddbjimcfncm/Icons/64.png,3605,1785706213,e7e71e63123edd2441d670e4f27134615639e695670c3fd8e566706cc2c65654
Default/Web Applications/Manifest Resources/fmgjjmmmlfnkbppncabfkddbjimcfncm/Icons/96.png,5693,1785706213,360654ce87e12eca80b384779ecfcf54f95d264c5e75d5b0a4c9f9304e7610c0
Default/Web Applications/Manifest Resources/fmgjjmmmlfnkbppncabfkddbjimcfncm/Trusted Icons/Icons/128.png,8591,1785706213,05043c90fd7c795f665f7d4374673857da8ba578ef01a9563cf81bf98410de57
Default/Web Applications/Manifest Resources/fmgjjmmmlfnkbppncabfkddbjimcfncm/Trusted Icons/Icons/192.png,7564,1785706213,e77ddd838401a22545cde73bc8dadabfb059ea65ef0784836c7dc823ffbb587a
Default/Web Applications/Manifest Resources/fmgjjmmmlfnkbppncabfkddbjimcfncm/Trusted Icons/Icons/256.png,21836,1785706213,02d9d896281e088a9ef8562cc1dce71ffba7db465f7379a0bb69ddf3dc2de52e
Default/Web Applications/Manifest Resources/fmgjjmmmlfnkbppncabfkddbjimcfncm/Trusted Icons/Icons/32.png,1650,1785706213,4ef6af3958daea67637a1034e4ff3910360c34f8d5bba1bd15dcdf7078bc3c77
Default/Web Applications/Manifest Resources/fmgjjmmmlfnkbppncabfkddbjimcfncm/Trusted Icons/Icons/48.png,2751,1785706213,c9a6445efb6b3ed818d1e703f82f6c0445b49efc69b1480c61cdb2944114f523
Default/Web Applications/Manifest Resources/fmgjjmmmlfnkbppncabfkddbjimcfncm/Trusted Icons/Icons/64.png,3605,1785706213,e7e71e63123edd2441d670e4f27134615639e695670c3fd8e566706cc2c65654
Default/Web Applications/Manifest Resources/fmgjjmmmlfnkbppncabfkddbjimcfncm/Trusted Icons/Icons/96.png,5693,1785706213,360654ce87e12eca80b384779ecfcf54f95d264c5e75d5b0a4c9f9304e7610c0
Default/Web Applications/Manifest Resources/kefjledonklijopmnomlcbpllchaibag/Icons/128.png,10085,1785706213,9ad3eeebc2ae8f90ce1d00941f4d471603af3c02e249bf756d248cbeeb37cc52
Default/Web Applications/Manifest Resources/kefjledonklijopmnomlcbpllchaibag/Icons/192.png,10277,1785706213,f2d0468ecdf68d9b0ebf829d68ee1e2894c14358c40334342423fbb5ea8f7a57
Default/Web Applications/Manifest Resources/kefjledonklijopmnomlcbpllchaibag/Icons/256.png,29566,1785706213,90f78b856899a392438857ef6a85c50fcd1d48dde01483a3764c06a95c3d419e
Default/Web Applications/Manifest Resources/kefjledonklijopmnomlcbpllchaibag/Icons/32.png,1559,1785706213,56578e78a0175e9b89fef5927f9f41c7fdca566174daa7f47abbf8fb6d4afbd0
Default/Web Applications/Manifest Resources/kefjledonklijopmnomlcbpllchaibag/Icons/48.png,2568,1785706213,d859584cdaacb63559fdc79dde2a585db9fe163eeafeaba3427e79755d78e079
Default/Web Applications/Manifest Resources/kefjledonklijopmnomlcbpllchaibag/Icons/64.png,3642,1785706213,7c98c778ec28216e89c3d8bfa6cdf69580e9f9e5f4c5cdb886c865f928d4af4c
Default/Web Applications/Manifest Resources/kefjledonklijopmnomlcbpllchaibag/Icons/96.png,6371,1785706213,9554b438be1edeb0dcd3b00833997fa872f0e278b6e86c74f595c474597c16d7
Default/Web Applications/Manifest Resources/kefjledonklijopmnomlcbpllchaibag/Trusted Icons/Icons/128.png,10085,1785706213,9ad3eeebc2ae8f90ce1d00941f4d471603af3c02e249bf756d248cbeeb37cc52
Default/Web Applications/Manifest Resources/kefjledonklijopmnomlcbpllchaibag/Trusted Icons/Icons/192.png,10277,1785706213,f2d0468ecdf68d9b0ebf829d68ee1e2894c14358c40334342423fbb5ea8f7a57
Default/Web Applications/Manifest Resources/kefjledonklijopmnomlcbpllchaibag/Trusted Icons/Icons/256.png,29566,1785706213,90f78b856899a392438857ef6a85c50fcd1d48dde01483a3764c06a95c3d419e
Default/Web Applications/Manifest Resources/kefjledonklijopmnomlcbpllchaibag/Trusted Icons/Icons/32.png,1559,1785706213,56578e78a0175e9b89fef5927f9f41c7fdca566174daa7f47abbf8fb6d4afbd0
Default/Web Applications/Manifest Resources/kefjledonklijopmnomlcbpllchaibag/Trusted Icons/Icons/48.png,2568,1785706213,d859584cdaacb63559fdc79dde2a585db9fe163eeafeaba3427e79755d78e079
Default/Web Applications/Manifest Resources/kefjledonklijopmnomlcbpllchaibag/Trusted Icons/Icons/64.png,3642,1785706213,7c98c778ec28216e89c3d8bfa6cdf69580e9f9e5f4c5cdb886c865f928d4af4c
Default/Web Applications/Manifest Resources/kefjledonklijopmnomlcbpllchaibag/Trusted Icons/Icons/96.png,6371,1785706213,9554b438be1edeb0dcd3b00833997fa872f0e278b6e86c74f595c474597c16d7
Default/Web Applications/Manifest Resources/mpnpojknpmmopombnjdcgaaiekajbnjb/Icons/128.png,7291,1785706213,d173f0e97e87ceec803e9be8d516c37ef220f50a1dfd292f079ba533e8ada701
Default/Web Applications/Manifest Resources/mpnpojknpmmopombnjdcgaaiekajbnjb/Icons/192.png,7313,1785706213,99a6cf62c77486adceea84981408d4939f87f53d198d8fc9114a63ea1ac12275
Default/Web Applications/Manifest Resources/mpnpojknpmmopombnjdcgaaiekajbnjb/Icons/256.png,21355,1785706213,251a227d8cd7d5e85e2c7a8a3de52804626bdab74096e0d38a0ed8183bf6f5c3
Default/Web Applications/Manifest Resources/mpnpojknpmmopombnjdcgaaiekajbnjb/Icons/32.png,1288,1785706213,0eb5b575bc5ad0f0fe9e7747e7c8844397113e460ecb454780192355773d7265
Default/Web Applications/Manifest Resources/mpnpojknpmmopombnjdcgaaiekajbnjb/Icons/48.png,2132,1785706213,b44887b22da066690f192fcf504c99a16f17588777de201db29ce0708149aba0
Default/Web Applications/Manifest Resources/mpnpojknpmmopombnjdcgaaiekajbnjb/Icons/64.png,2921,1785706213,5bffe545e04d375416d4d974bf8fc6ec77d09963c16ce8eb4311e89f0c6b3815
Default/Web Applications/Manifest Resources/mpnpojknpmmopombnjdcgaaiekajbnjb/Icons/96.png,4911,1785706213,a13946a861f936023fd5e11c19fafd29033c0fe26fabd8fe9a55459335e4eca3
Default/Web Applications/Manifest Resources/mpnpojknpmmopombnjdcgaaiekajbnjb/Trusted Icons/Icons/128.png,7291,1785706213,d173f0e97e87ceec803e9be8d516c37ef220f50a1dfd292f079ba533e8ada701
Default/Web Applications/Manifest Resources/mpnpojknpmmopombnjdcgaaiekajbnjb/Trusted Icons/Icons/192.png,7313,1785706213,99a6cf62c77486adceea84981408d4939f87f53d198d8fc9114a63ea1ac12275
Default/Web Applications/Manifest Resources/mpnpojknpmmopombnjdcgaaiekajbnjb/Trusted Icons/Icons/256.png,21355,1785706213,251a227d8cd7d5e85e2c7a8a3de52804626bdab74096e0d38a0ed8183bf6f5c3
Default/Web Applications/Manifest Resources/mpnpojknpmmopombnjdcgaaiekajbnjb/Trusted Icons/Icons/32.png,1288,1785706213,0eb5b575bc5ad0f0fe9e7747e7c8844397113e460ecb454780192355773d7265
Default/Web Applications/Manifest Resources/mpnpojknpmmopombnjdcgaaiekajbnjb/Trusted Icons/Icons/48.png,2132,1785706213,b44887b22da066690f192fcf504c99a16f17588777de201db29ce0708149aba0
Default/Web Applications/Manifest Resources/mpnpojknpmmopombnjdcgaaiekajbnjb/Trusted Icons/Icons/64.png,2921,1785706213,5bffe545e04d375416d4d974bf8fc6ec77d09963c16ce8eb4311e89f0c6b3815
Default/Web Applications/Manifest Resources/mpnpojknpmmopombnjdcgaaiekajbnjb/Trusted Icons/Icons/96.png,4911,1785706213,a13946a861f936023fd5e11c19fafd29033c0fe26fabd8fe9a55459335e4eca3
Default/Web Applications/Manifest Resources/pommaclcbfghclhalboakcipcmmndhcj/Icons/128.png,8958,1785706213,c4d6a0f6c263a4d611fd6ec65643b9844f6eb0c1c9c0ec64b2fa9fcaad149170
Default/Web Applications/Manifest Resources/pommaclcbfghclhalboakcipcmmndhcj/Icons/192.png,6710,1785706213,b76aa025f0516496f80008232c3f1e9584cd74090ac50c0d67c89d619595e58d
Default/Web Applications/Manifest Resources/pommaclcbfghclhalboakcipcmmndhcj/Icons/256.png,22941,1785706213,b989f789c07c6d8f103d42c1adbd90a2152e54ac006a4db4956be29e5b292e94
Default/Web Applications/Manifest Resources/pommaclcbfghclhalboakcipcmmndhcj/Icons/32.png,1741,1785706213,d036530ce6b5320532f359ee4b96e5b2338f78640e91bcab10e7f2e637574240
Default/Web Applications/Manifest Resources/pommaclcbfghclhalboakcipcmmndhcj/Icons/48.png,2790,1785706213,04ab9b9bb94719dffe4487c44a9b5d2386b56e5d34f4b26e0c6c9c0505d78f22
Default/Web Applications/Manifest Resources/pommaclcbfghclhalboakcipcmmndhcj/Icons/64.png,3966,1785706213,09a66a69d37f7e99b104f442f878fd72e8fb3637eefba61987aaaa7a2a1cb185
Default/Web Applications/Manifest Resources/pommaclcbfghclhalboakcipcmmndhcj/Icons/96.png,6314,1785706213,2561ac539473f6175a4387169cdf3237a7ac46dfa7de354b60d8f2c03e081e74
Default/Web Applications/Manifest Resources/pommaclcbfghclhalboakcipcmmndhcj/Trusted Icons/Icons/128.png,8958,1785706213,c4d6a0f6c263a4d611fd6ec65643b9844f6eb0c1c9c0ec64b2fa9fcaad149170
Default/Web Applications/Manifest Resources/pommaclcbfghclhalboakcipcmmndhcj/Trusted Icons/Icons/192.png,6710,1785706213,b76aa025f0516496f80008232c3f1e9584cd74090ac50c0d67c89d619595e58d
Default/Web Applications/Manifest Resources/pommaclcbfghclhalboakcipcmmndhcj/Trusted Icons/Icons/256.png,22941,1785706213,b989f789c07c6d8f103d42c1adbd90a2152e54ac006a4db4956be29e5b292e94
Default/Web Applications/Manifest Resources/pommaclcbfghclhalboakcipcmmndhcj/Trusted Icons/Icons/32.png,1741,1785706213,d036530ce6b5320532f359ee4b96e5b2338f78640e91bcab10e7f2e637574240
Default/Web Applications/Manifest Resources/pommaclcbfghclhalboakcipcmmndhcj/Trusted Icons/Icons/48.png,2790,1785706213,04ab9b9bb94719dffe4487c44a9b5d2386b56e5d34f4b26e0c6c9c0505d78f22
Default/Web Applications/Manifest Resources/pommaclcbfghclhalboakcipcmmndhcj/Trusted Icons/Icons/64.png,3966,1785706213,09a66a69d37f7e99b104f442f878fd72e8fb3637eefba61987aaaa7a2a1cb185
Default/Web Applications/Manifest Resources/pommaclcbfghclhalboakcipcmmndhcj/Trusted Icons/Icons/96.png,6314,1785706213,2561ac539473f6175a4387169cdf3237a7ac46dfa7de354b60d8f2c03e081e74
Default/Web Data,157696,1785706216,2836e8aca6e2804425fe1e129bace2ee7259c7ff3a89a538d6b4e4f24e671671
Default/Web Data-journal,0,1785706216,e3b0c44298fc1c149afbf4c8996fb92427ae41e4649b934ca495991b7852b855
Default/WebStorage/QuotaManager,40960,1785706244,c9a7fd10e313615343f263febd4449c92aab9aafd3ff247d3d949ff9ad7a1916
Default/WebStorage/QuotaManager-journal,0,1785706244,e3b0c44298fc1c149afbf4c8996fb92427ae41e4649b934ca495991b7852b855
Default/chrome_cart_db/LOCK,0,1785706211,e3b0c44298fc1c149afbf4c8996fb92427ae41e4649b934ca495991b7852b855
Default/chrome_cart_db/LOG,0,1785706211,e3b0c44298fc1c149afbf4c8996fb92427ae41e4649b934ca495991b7852b855
Default/commerce_subscription_db/LOCK,0,1785706211,e3b0c44298fc1c149afbf4c8996fb92427ae41e4649b934ca495991b7852b855
Default/commerce_subscription_db/LOG,0,1785706211,e3b0c44298fc1c149afbf4c8996fb92427ae41e4649b934ca495991b7852b855
Default/declarative_performance_observer.db,32768,1785706213,610da3f204433431c7c0626b7488888cc40e732ebe759f6399a8ac348eb4ca25
Default/declarative_performance_observer.db-journal,0,1785706213,e3b0c44298fc1c149afbf4c8996fb92427ae41e4649b934ca495991b7852b855
Default/discount_infos_db/LOCK,0,1785706211,e3b0c44298fc1c149afbf4c8996fb92427ae41e4649b934ca495991b7852b855
Default/discount_infos_db/LOG,0,1785706211,e3b0c44298fc1c149afbf4c8996fb92427ae41e4649b934ca495991b7852b855
Default/discounts_db/LOCK,0,1785706211,e3b0c44298fc1c149afbf4c8996fb92427ae41e4649b934ca495991b7852b855
Default/discounts_db/LOG,0,1785706211,e3b0c44298fc1c149afbf4c8996fb92427ae41e4649b934ca495991b7852b855
Default/engine_allowlist.bf,360,1785706211,63e82eb5c06b4c0057d99777bb9b9b8967a5629d20bf795a24448d79c24be281
Default/heavy_ad_intervention_opt_out.db,16384,1785706213,d44b405304e372a3cf70f2dc1e68c727504a0f28fa186fef47b8450b1527ae68
Default/heavy_ad_intervention_opt_out.db-journal,0,1785706213,e3b0c44298fc1c149afbf4c8996fb92427ae41e4649b934ca495991b7852b855
Default/optimization_guide_hint_cache_store/LOCK,0,1785706213,e3b0c44298fc1c149afbf4c8996fb92427ae41e4649b934ca495991b7852b855
Default/optimization_guide_hint_cache_store/LOG,0,1785706213,e3b0c44298fc1c149afbf4c8996fb92427ae41e4649b934ca495991b7852b855
Default/parcel_tracking_db/LOCK,0,1785706211,e3b0c44298fc1c149afbf4c8996fb92427ae41e4649b934ca495991b7852b855
Default/parcel_tracking_db/LOG,0,1785706211,e3b0c44298fc1c149afbf4c8996fb92427ae41e4649b934ca495991b7852b855
Default/shared_proto_db/000003.log,93145,1785706331,119c6732b89f01f4d137fcdc4e25a150a61fe9b9b6837ee71fbb5dcb22d88ca0
Default/shared_proto_db/CURRENT,16,1785706211,0f1bad70c7bd1e0a69562853ec529355462fcd0423263a3d39d6d0d70b780443
Default/shared_proto_db/LOCK,0,1785706211,e3b0c44298fc1c149afbf4c8996fb92427ae41e4649b934ca495991b7852b855
Default/shared_proto_db/LOG,237,1785706211,b3c10fae303f17595ea5c9da1e1ffe2c1050233c9e94ab3bb660f953a7a7ee4e
Default/shared_proto_db/MANIFEST-000001,41,1785706211,f9d31b278e215eb0d0e9cd709edfa037e828f36214ab7906f612160fead4b2b4
Default/shared_proto_db/metadata/000003.log,1106,1785706221,fe5f52957071b93919d9d9b95a41af3631789b7a5f350247f73781bae1fc83da
Default/shared_proto_db/metadata/CURRENT,16,1785706211,0f1bad70c7bd1e0a69562853ec529355462fcd0423263a3d39d6d0d70b780443
Default/shared_proto_db/metadata/LOCK,0,1785706211,e3b0c44298fc1c149afbf4c8996fb92427ae41e4649b934ca495991b7852b855
Default/shared_proto_db/metadata/LOG,255,1785706211,c3ef4f5f9b1af89ab169a9249dcd21c8db5cfeed0031c3f8b95d8ceeca12ddb6
Default/shared_proto_db/metadata/MANIFEST-000001,41,1785706211,f9d31b278e215eb0d0e9cd709edfa037e828f36214ab7906f612160fead4b2b4
Default/trusted_vault.pb,84,1785706212,b87bf305aafae1f1ec7dd947176c9529b2a9cbd4a3bf296fce25fc009e725366
DeferredBrowserMetrics/BrowserMetrics-6A6FB6F0-2B79.pma,4194304,1785706224,92c31d565ed385cacadbb34336c948993507fc8c613251fc8a5768b9dce965dc
DeferredBrowserMetrics/BrowserMetrics-6A6FB6FA-2C28.pma,4194304,1785706234,8da3ca9349a893ad8531cb69e854a69bfbff762fbafae62e7716e3716788692f
FileTypePolicies/145.0.7584.0/_metadata/verified_contents.json,1439,1785706282,1dc1929a93ad306c6cae0d9c882b331fe2440e2584e1783c50b74a6fa9179ee6
FileTypePolicies/145.0.7584.0/download_file_types.pb,8038,1785706282,2cb301f3a180297b3bb7772ba55f0f996bb8e58d3d87c480582fe2df9a28fb29
FileTypePolicies/145.0.7584.0/manifest.json,86,1785706282,31a56f514d228a98683b8cbf7e8a3ced78857ef3e745a06fbc2c5b33162d3220
FirstPartySetsPreloaded/2025.7.24.0/LICENSE,1558,1785706288,3dbd2c90050b652d63656481c3e5871c52261575292db77d4ea63419f187a55b
FirstPartySetsPreloaded/2025.7.24.0/_metadata/verified_contents.json,1864,1785706288,0f5b3149363c15968328183021af8ca49f6e3c7b0343d1c10866befff0b59698
FirstPartySetsPreloaded/2025.7.24.0/manifest.json,85,1785706288,2d905d7b28b1afd313753d14f6a916a2e56ec4c1316bfa43046b09214ceb6090
FirstPartySetsPreloaded/2025.7.24.0/sets.json,10367,1785706288,baa0872250e769c30b6b7a8a1b2028eaf6af35113e47efd8f0b4ccfb98a52a32
GPUPersistentCache/GPUCache/YTGNBSWHY7FXQOGW3B7XXSAF4R2QSLIY/cache.db,0,1785706211,e3b0c44298fc1c149afbf4c8996fb92427ae41e4649b934ca495991b7852b855
GPUPersistentCache/GPUCache/YTGNBSWHY7FXQOGW3B7XXSAF4R2QSLIY/cache.db-wal,0,1785706211,e3b0c44298fc1c149afbf4c8996fb92427ae41e4649b934ca495991b7852b855
GPUPersistentCache/GPUCache/YTGNBSWHY7FXQOGW3B7XXSAF4R2QSLIY/cache.journal,0,1785706211,e3b0c44298fc1c149afbf4c8996fb92427ae41e4649b934ca495991b7852b855
GraphiteDawnCache/data_0,45056,1785706235,63eb978919add321367eca9cb5414c9505133efd703c3b91784061e54751725d
GraphiteDawnCache/data_1,270336,1785706351,143b098221b7081d673a0895d889ca1ee1f10c304e50be98a4842a1f626d39d9
GraphiteDawnCache/data_2,1056768,1785706235,ac2f70daca330393baa1997b5cfb9fd79387cbd0f2a0bce4da4da2dcb663d260
GraphiteDawnCache/data_3,4202496,1785706235,d2c763d73ebaabaeb3902db124b946aefc9a136fca04ad9c906327e9a750023e
GraphiteDawnCache/f_000001,16724,1785706212,49815f7494f2607af3031b62863a19f8bf006dccf572e32e213996d6fed99750
GraphiteDawnCache/index,262512,1785706211,6c24eeb7012b3e30aa90dad36ae26ad1e90a668567ab084a9b7067910740bcc2
Last Version,13,1785706211,7501d325d0f06c54a8d95acff338ee0fce0d01f86d013c6da6dfa60925984988
Local State,69152,1785706351,08f5c38fd53681805eb8fd95daee4d1fb162fbdc448b0da726fce206b7c54518
MEIPreload/1.1.0.3/_metadata/verified_contents.json,1766,1785706285,48264eccb505f5c0eb1e0d8ddabf79e4fd664018dce8f65642e0052fbeeba6ad
MEIPreload/1.1.0.3/manifest.json,202,1785706285,8bd59f33a6e286c7e7352dfaebc9b03cea4e0e959a8ebb2f04b69bd92e107dc1
MEIPreload/1.1.0.3/preloaded_data.pb,8219,1785706285,9b32ba9222d44bebc479ffa9704d2a9abccae153982838a3b9a79846b80877a3
OnDeviceHeadSuggestModel/20251024.824731831.14/_metadata/verified_contents.json,1796,1785706273,0a6f808ce53b8a1cde91094ee1848c81e250ee6c6a20163aee45556bde05611a
OnDeviceHeadSuggestModel/20251024.824731831.14/cr_en-gb_500000_index.bin,7925041,1785706273,a908f21be634e4f210c0cd24b026e72dae7beb4099f8ae6203ef866552463f5c
OnDeviceHeadSuggestModel/20251024.824731831.14/manifest.json,108,1785706273,ee0a23c03475947150fde6f5e028572be1527fe9e01b101f7a1c1ac735007d5c
OptimizationHints/719/_metadata/verified_contents.json,1766,1785706276,62043b04fde9db4b3af5929143da90bb431c82f165756b4975a09d1cc89050f0
OptimizationHints/719/manifest.json,108,1785706276,96279801fc3ca476f0d58d9ee8b52ed4ba1067b30bdc812c6ab0fc77a6fa3b87
OptimizationHints/719/optimization-hints.pb,567385,1785706276,4fd52562bc952412cb672a4eca58c4d5e0d7e3c9bdc52a5958024abcbc3e99c0
PKIMetadata/1733/_metadata/verified_contents.json,2080,1785706285,c28535ca376b5e4609fde0ba50c98968796eb28979fc313639f688f1898cbb9b
PKIMetadata/1733/crs.pb,353227,1785706285,4d604c5342cd4438e047f13d7349e0cd7888769449c280da1e8077157c157d0f
PKIMetadata/1733/ct_config.pb,54178,1785706285,164e0e5564866e848a81f28b40ac6cc26998aaca49c967efd5278b30aed2226f
PKIMetadata/1733/kp_pinslist.pb,10799,1785706285,8990643ca68e590ba48da9a25235f7bf30f38204f416ba5ae0862385cd9394a1
PKIMetadata/1733/manifest.json,73,1785706285,aa1e29e7d64a11b734627921662f9ea9ddc745f1a97270e2e54e12c26267fa53
PKIMetadata/1733/mtc_config.pb,3289,1785706285,e9bb3e9793c1e1124011e307f314dc0e38dd536bf1e84bf80ff978fc785e8afb
Profile 1/Account Web Data,77824,1785706234,b671fc77f2eab823e977a4d842eaa80acefcc4a7fc205a76766a96f5196e65a8
Profile 1/Account Web Data-journal,0,1785706234,e3b0c44298fc1c149afbf4c8996fb92427ae41e4649b934ca495991b7852b855
Profile 1/Affiliation Database,53248,1785706234,687908afd0adf027324f343db40bdaceefe64afec45a24f08286b91f2d1bb181
Profile 1/Affiliation Database-journal,0,1785706234,e3b0c44298fc1c149afbf4c8996fb92427ae41e4649b934ca495991b7852b855
Profile 1/AutofillAiModelCache/LOCK,0,1785706234,e3b0c44298fc1c149afbf4c8996fb92427ae41e4649b934ca495991b7852b855
Profile 1/AutofillAiModelCache/LOG,0,1785706234,e3b0c44298fc1c149afbf4c8996fb92427ae41e4649b934ca495991b7852b855
Profile 1/AutofillStrikeDatabase/LOCK,0,1785706234,e3b0c44298fc1c149afbf4c8996fb92427ae41e4649b934ca495991b7852b855
Profile 1/AutofillStrikeDatabase/LOG,0,1785706234,e3b0c44298fc1c149afbf4c8996fb92427ae41e4649b934ca495991b7852b855
Profile 1/BookmarkMergedSurfaceOrdering,4,1785706237,d914176fd50bd7f565700006a31aa97b79d3ad17cee20c8e5ff2061d5cb74817
Profile 1/BrowsingTopicsSiteData,28672,1785706235,71a956cf71030a295cc2e0ee4694be069de8739d39150dee5ce685eff32f75b7
Profile 1/BrowsingTopicsSiteData-journal,0,1785706235,e3b0c44298fc1c149afbf4c8996fb92427ae41e4649b934ca495991b7852b855
Profile 1/BrowsingTopicsState,402,1785706237,41dbf375b8dbd83002d37e835dc405eb2c4ea2e413d4fc84a217712386e13cff
Profile 1/BudgetDatabase/LOCK,0,1785706234,e3b0c44298fc1c149afbf4c8996fb92427ae41e4649b934ca495991b7852b855
Profile 1/BudgetDatabase/LOG,0,1785706234,e3b0c44298fc1c149afbf4c8996fb92427ae41e4649b934ca495991b7852b855
Profile 1/Cache/Cache_Data/01f5275e78c4135f_0,1123243,1785706235,650d8d0c822fe9bf384d74856842bfb1aa76802bd21cf4f65e9f6dadd569abc1
Profile 1/Cache/Cache_Data/2822dd5d988fa481_0,4150,1785706235,5c0878702e14f860fa7b0dda6a1e829f8f02916f91aed8b21391837856e529bb
Profile 1/Cache/Cache_Data/2b17891819677a0b_0,110479,1785706236,45202790a829111a50e7c3505c22fbe0cec83b5110539023e45e91a52ccf0cd6
Profile 1/Cache/Cache_Data/2f59e1aad9c9e569_0,16096,1785706235,e42855d70ba8d98ec3e3c482760f6cea0503863ed880893650e0d80389d0658d
Profile 1/Cache/Cache_Data/2f9163cc4d0d5904_0,49403,1785706236,0ce3f171fee3f041fc28a3d0744212ded0a1dd220284dc6155253ef8358a467c
Profile 1/Cache/Cache_Data/5b3041a479254970_0,4188,1785706236,06664393e3f5be4b950f0ab0554938b2a281d6e6337736dbcff3ba42faca9ccd
Profile 1/Cache/Cache_Data/68d2f86ea863743c_0,5293,1785706235,d420d7f0203533ecb632848fe1a0258027d4058fc628406f4077f19930db90cc
Profile 1/Cache/Cache_Data/74d1d7c601628351_0,3990,1785706236,dc109a5098ba3df63b25c19d3d02b90760ecc7fc94c4c589e0e9865f82445503
Profile 1/Cache/Cache_Data/7a4833cc275d6bc9_0,7534,1785706236,a1a9cc63ba15a70edec2f42b1d151d4a6b0a3d6091c004a6c86a9da078a51465
Profile 1/Cache/Cache_Data/8bb75b10e872dc31_0,3996,1785706236,5ce46f70ad96e349f2b16605ed7e5ec5b0125ffd7c0aa37b6bf1e7b680929304
Profile 1/Cache/Cache_Data/8d63c6193b8ee5fe_0,28603,1785706235,3c87f2d066bfd4a5998afb4348893096c6f1fa2924e82ae9a1914357db4524ec
Profile 1/Cache/Cache_Data/a3a5bebb7257097d_0,3996,1785706235,98cd38f19e6406434d233f386b085375b77061bdf19b1d9b414c3736aeb30dc2
Profile 1/Cache/Cache_Data/aed22d67bb92a4bc_0,5045,1785706235,0970b71a9f193e45a2c4ea0a1df3209b21e8ccdb914c6fa7b2e6ff381035e72e
Profile 1/Cache/Cache_Data/c3f52cba284570e6_0,2941,1785706236,a0258cc2a5ec6fdbf4c0d1c6bd19f0486cd6f3ab9fe0ee825777a86f2643dd5d
Profile 1/Cache/Cache_Data/cdbc60cac0f8c1df_0,4742,1785706236,16c6c7f5e4683be9c2232da4a7bc596236810fccd09c33af2754e262cf31b27b
Profile 1/Cache/Cache_Data/d428ae0b406f295f_0,4271,1785706235,61b65cc56024bdaab783e0db5630ac75dcaaa49877273cc3d91f07f8b6050c15
Profile 1/Cache/Cache_Data/d8567a3c828f6f92_0,17008,1785706235,66193ede1f0d196d569f4f04f1c89e27d1afe6a053aca9004f611c4007e0648b
Profile 1/Cache/Cache_Data/decd97193a0ccf21_0,8339,1785706235,4f3a5ec8ee8beac64eade481b551f5d9bac47424f09bdb019307b6cbd34d7759
Profile 1/Cache/Cache_Data/f523db947695fb76_0,3931,1785706235,6be14f0adab40d91d6bfc7210ebbd532694e909503c5e6424e802e2cdcc32d2d
Profile 1/Cache/Cache_Data/f9b6299026bec33f_0,4127,1785706235,8abece3bfb5bac0803bead903feab53d5bea8e2b1ac8db24d1032735c08d1e70
Profile 1/Cache/Cache_Data/ff8fcdd24e3bfbdd_0,5289,1785706236,0f53d71ec36eda50bad75808e4617441707a6a64a6358419f49794f4a8a3a441
Profile 1/Cache/Cache_Data/index,24,1785706235,fbcfe23a2ecb82b7100c50811691dde0a33aa3da8d176be9882a9db485dc0f2d
Profile 1/Cache/Cache_Data/index-dir/the-real-index,552,1785706256,293d08ae9d2aa58d1dd21b2c2242934854a20e48436ebf64a361e00b50f8de09
Profile 1/Cache/No_Vary_Search/journal.baj,4,1785706235,9c169428d852e25bd59b27652ed533d2a1f09f96e4c329fa5e06f47e16731543
Profile 1/Cache/No_Vary_Search/snapshot.baf,20,1785706235,0c2dd377ed0cc66161e9db8f89f7d8bcb3ad8c06c4a054bdcba214ab05f58c9a
Profile 1/ClientCertificates/LOCK,0,1785706234,e3b0c44298fc1c149afbf4c8996fb92427ae41e4649b934ca495991b7852b855
Profile 1/ClientCertificates/LOG,0,1785706234,e3b0c44298fc1c149afbf4c8996fb92427ae41e4649b934ca495991b7852b855
Profile 1/Code Cache/js/2b4711a7ab535c76_0,2852,1785706241,e61bd571a028ab1c8d161d1c3be38c23d15cb055d739685148b29be1f7c3ce3c
Profile 1/Code Cache/js/5961046250826091_0,448,1785706241,c697eec493eb77c248a447efaf80d4308f69c6e49ab3094fd0efdb21cce1f7bd
Profile 1/Code Cache/js/6bfc37d614ab92b9_0,227,1785706241,cf1e01e263e31bb10a81b3fd2b3af17b3cd187fd3efaccdad08dafdb2c5ca757
Profile 1/Code Cache/js/a4bd991dd8938d88_0,220,1785706241,480ce802bb5ec536fe113d98dfc0b9194d8fd4e8d59cfa1a4a1689ba4d66c406
Profile 1/Code Cache/js/ba678a2fbd8c358c_0,298,1785706235,39ab096dbdca2a9c76d31d7d207b3dd44179ccd3cb2a2122f55b8a7c8c33536e
Profile 1/Code Cache/js/cc3015a0782127f0_0,285,1785706241,2c9df4df4f7dcc7085cf12bc870d3ea0c344e29d090fe49ace23c23c5577fb75
Profile 1/Code Cache/js/ef7484ce29e5f89e_0,841,1785706241,2660b22f4ff237d54cd38688da122d6216feb170784341d057b230a9b91b4fe3
Profile 1/Code Cache/js/index,24,1785706234,fbcfe23a2ecb82b7100c50811691dde0a33aa3da8d176be9882a9db485dc0f2d
Profile 1/Code Cache/js/index-dir/the-real-index,216,1785706261,cd0515359caf23bdba9a5d9d2dc81ca9d0e6ae3f12342bda61022bbcb688164e
Profile 1/Code Cache/wasm/index,24,1785706234,fbcfe23a2ecb82b7100c50811691dde0a33aa3da8d176be9882a9db485dc0f2d
Profile 1/Code Cache/wasm/index-dir/the-real-index,48,1785706234,bda54557a5edd874b34f2a16703c955a0556feebbecb6d39db17397b5badb48f
Profile 1/Cookies,20480,1785706265,f04b32c8221b5197e0d0712cb9ecca8799d909170b50b0a032b28fcdb92a3e69
Profile 1/Cookies-journal,0,1785706265,e3b0c44298fc1c149afbf4c8996fb92427ae41e4649b934ca495991b7852b855
Profile 1/DIPS,4096,1785706234,0ab48b25cba617ed3a4acca0161813b314c095ef63544bb4af60769eb1012977
Profile 1/DIPS-wal,45352,1785706235,515232fc974ad274879068194e0f186596bb98acb7cb5731f5ebaa16db6c8924
Profile 1/DawnGraphiteCache/data_0,8192,1785706234,d6a5fe39cd672781b256e0e3102f7022635f1d4bb7cfcc90a80fffe4d0f3877e
Profile 1/DawnGraphiteCache/data_1,270336,1785706351,4aecd2f95e027c3d760b82314625d9d317d159f46a3e982701326744e16471f7
Profile 1/DawnGraphiteCache/data_2,8192,1785706234,ec1702806f4cc7c42a82fc2b38e89835fde7c64bb32060e0823c9077ca92efb7
Profile 1/DawnGraphiteCache/data_3,8192,1785706234,e09f42c398d688dce168570291f1f92d079987deda3099a34adb9e8c0522b30c
Profile 1/DawnGraphiteCache/index,262512,1785706234,1e7514f5765934682a2f00a75f4f12d442961266b046e8b132668612d1ef2c53
Profile 1/DawnWebGPUCache/data_0,8192,1785706234,d6a5fe39cd672781b256e0e3102f7022635f1d4bb7cfcc90a80fffe4d0f3877e
Profile 1/DawnWebGPUCache/data_1,270336,1785706351,546fe21a55d9bd2ba166d1bb61234118fba28e7fe4b416cc1ba1bffce62ff8f2
Profile 1/DawnWebGPUCache/data_2,8192,1785706234,ec1702806f4cc7c42a82fc2b38e89835fde7c64bb32060e0823c9077ca92efb7
Profile 1/DawnWebGPUCache/data_3,8192,1785706234,e09f42c398d688dce168570291f1f92d079987deda3099a34adb9e8c0522b30c
Profile 1/DawnWebGPUCache/index,262512,1785706234,49279b9446ec8f485630e6e25fdd6c0a14b4573122acaf75572c5570c60dcde5
Profile 1/Extension Rules/000003.log,95,1785706236,5b149d68659ebeab90f1116b8704a32dc240fbf85171bd4a4f70d57a3d8d4bb8
Profile 1/Extension Rules/CURRENT,16,1785706234,0f1bad70c7bd1e0a69562853ec529355462fcd0423263a3d39d6d0d70b780443
Profile 1/Extension Rules/LOCK,0,1785706234,e3b0c44298fc1c149afbf4c8996fb92427ae41e4649b934ca495991b7852b855
Profile 1/Extension Rules/LOG,241,1785706234,fde41645aace2776dca829ba5866317670e07397759490247aae437ef0a667a2
Profile 1/Extension Rules/MANIFEST-000001,41,1785706234,f9d31b278e215eb0d0e9cd709edfa037e828f36214ab7906f612160fead4b2b4
Profile 1/Extension Scripts/000003.log,95,1785706236,5b149d68659ebeab90f1116b8704a32dc240fbf85171bd4a4f70d57a3d8d4bb8
Profile 1/Extension Scripts/CURRENT,16,1785706234,0f1bad70c7bd1e0a69562853ec529355462fcd0423263a3d39d6d0d70b780443
Profile 1/Extension Scripts/LOCK,0,1785706234,e3b0c44298fc1c149afbf4c8996fb92427ae41e4649b934ca495991b7852b855
Profile 1/Extension Scripts/LOG,245,1785706234,344024b3a97c6467a7b0b3e0e9c6b5e640800b40f5d8700eedf17fa4f339a52f
Profile 1/Extension Scripts/MANIFEST-000001,41,1785706234,f9d31b278e215eb0d0e9cd709edfa037e828f36214ab7906f612160fead4b2b4
Profile 1/Extension State/000003.log,285,1785706236,fff9c841af450dfefe7f284f645d4a26b048e6bd5709ad766b308172bc260a53
Profile 1/Extension State/CURRENT,16,1785706235,0f1bad70c7bd1e0a69562853ec529355462fcd0423263a3d39d6d0d70b780443
Profile 1/Extension State/LOCK,0,1785706235,e3b0c44298fc1c149afbf4c8996fb92427ae41e4649b934ca495991b7852b855
Profile 1/Extension State/LOG,241,1785706235,0d85a89ed565faaccc4496768f26836b32f5553d1b606be40954dbbe4f0b4f7e
Profile 1/Extension State/MANIFEST-000001,41,1785706235,f9d31b278e215eb0d0e9cd709edfa037e828f36214ab7906f612160fead4b2b4
Profile 1/Extensions/ghbmnnjooekpmoecnnnilnnbdlolhkhi/1.108.1_0/128.png,5069,1785706236,2576b1798cd3fa5745897dbe8f1ab12eaf12110827d290b44c6fc0396ba3bba2
Profile 1/Extensions/ghbmnnjooekpmoecnnnilnnbdlolhkhi/1.108.1_0/_locales/af/messages.json,885,1785706236,70445794b59a9aac6bedff8fbd7c2427f9b66b1bb8fe570def80723ddaffe236
Profile 1/Extensions/ghbmnnjooekpmoecnnnilnnbdlolhkhi/1.108.1_0/_locales/am/messages.json,1262,1785706236,a943ff5bd2e118e021cedc99dbbb413a7dd5d2e980c9f3bf8f135dd55b800cc7
Profile 1/Extensions/ghbmnnjooekpmoecnnnilnnbdlolhkhi/1.108.1_0/_locales/ar/messages.json,1221,1785706236,ac94170794a873dccb375658c557e3e902f046281d546f72d1124c8069def826
Profile 1/Extensions/ghbmnnjooekpmoecnnnilnnbdlolhkhi/1.108.1_0/_locales/as/messages.json,2847,1785706236,01b549ef285c94b31891997c7d5728bee7b56040f8847f279fc46e5cc262c4e3
Profile 1/Extensions/ghbmnnjooekpmoecnnnilnnbdlolhkhi/1.108.1_0/_locales/az/messages.json,954,1785706236,04b2f400d71c454ade6b712d7b698f9e0efc0bd667613bf6d1974f6942730c9c
Profile 1/Extensions/ghbmnnjooekpmoecnnnilnnbdlolhkhi/1.108.1_0/_locales/be/messages.json,3107,1785706236,ddf16859a15f3eb3334d6241975ca3988ac3eafc3d96452ac3a4afd3644c8550
Profile 1/Extensions/ghbmnnjooekpmoecnnnilnnbdlolhkhi/1.108.1_0/_locales/bg/messages.json,1366,1785706236,5a3bac520c89d98094a0ed9d06ce42eada4c2b357c2ce4bb64500b54c1f0d2aa
Profile 1/Extensions/ghbmnnjooekpmoecnnnilnnbdlolhkhi/1.108.1_0/_locales/bn/messages.json,1740,1785706236,cf63f4201d1ee02a0516f25cb74ac92c55bfa811ce0e4a1a9bf526e307faeabd
Profile 1/Extensions/ghbmnnjooekpmoecnnnilnnbdlolhkhi/1.108.1_0/_locales/ca/messages.json,907,1785706236,83e21f3a452edd2cbf072f6c83fae6e78864886450e1f874a4b16ed7942f36d5
Profile 1/Extensions/ghbmnnjooekpmoecnnnilnnbdlolhkhi/1.108.1_0/_locales/cs/messages.json,890,1785706236,ada6a72ccd25ccf57f77d28e1311120f44272f99aad5c0414de2f580bf6ce732
Profile 1/Extensions/ghbmnnjooekpmoecnnnilnnbdlolhkhi/1.108.1_0/_locales/cy/messages.json,806,1785706236,a482663292a913b02a9cde4635c7c92270bf3c8726fd274475dc2c490019a7c9
Profile 1/Extensions/ghbmnnjooekpmoecnnnilnnbdlolhkhi/1.108.1_0/_locales/da/messages.json,860,1785706236,b43a070137339de512538b02048be651ddc931946d1b30c19df94e475f3c74a2
Profile 1/Extensions/ghbmnnjooekpmoecnnnilnnbdlolhkhi/1.108.1_0/_locales/de/messages.json,1008,1785706236,59fd7274e6a7629692766012d9da1e324011e43bd78ec3628aa0e94558977e6f
Profile 1/Extensions/ghbmnnjooekpmoecnnnilnnbdlolhkhi/1.108.1_0/_locales/el/messages.json,1590,1785706236,16593ce1ef222ae7852bfa6d32f702bbcf00beb4c4c54964465d46c85204a5d4
Profile 1/Extensions/ghbmnnjooekpmoecnnnilnnbdlolhkhi/1.108.1_0/_locales/en/messages.json,828,1785706236,5d4872c090de9bad86ed4974ec3ac88f2a6cce74d73d3d65d4f9137fe8f399b7
Profile 1/Extensions/ghbmnnjooekpmoecnnnilnnbdlolhkhi/1.108.1_0/_locales/en_CA/messages.json,828,1785706236,5d4872c090de9bad86ed4974ec3ac88f2a6cce74d73d3d65d4f9137fe8f399b7
Profile 1/Extensions/ghbmnnjooekpmoecnnnilnnbdlolhkhi/1.108.1_0/_locales/en_GB/messages.json,825,1785706236,619793d0ff594df51d036ed0ecc70f5aa823d02221dcfe4518d4813a40c5bc92
Profile 1/Extensions/ghbmnnjooekpmoecnnnilnnbdlolhkhi/1.108.1_0/_locales/en_US/messages.json,1395,1785706236,e994530a0f80554468171e1857fa0e79f28036c56f8322b401e6b7c9fb32bdb5
Profile 1/Extensions/ghbmnnjooekpmoecnnnilnnbdlolhkhi/1.108.1_0/_locales/es/messages.json,938,1785706236,aa8a66354354dbadc57faba0a80dd6ea3e4aceefaffe32906e557f4029b31921
Profile 1/Extensions/ghbmnnjooekpmoecnnnilnnbdlolhkhi/1.108.1_0/_locales/es_419/messages.json,936,1785706236,b723547fd893f0d14cf7b15fef1de2fd99c8540d636a0fa0e3614f18216bfd0d
Profile 1/Extensions/ghbmnnjooekpmoecnnnilnnbdlolhkhi/1.108.1_0/_locales/et/messages.json,945,1785706236,621dc6ad1e5c6b1c9dd79a819ef1208a776035341a0caebea33e85d01a71bf95
Profile 1/Extensions/ghbmnnjooekpmoecnnnilnnbdlolhkhi/1.108.1_0/_locales/eu/messages.json,838,1785706236,a41670d52423ba69c7a65e7e153e7b9994e8dd0370c584bda0714bd61c49c578
Profile 1/Extensions/ghbmnnjooekpmoecnnnilnnbdlolhkhi/1.108.1_0/_locales/fa/messages.json,1282,1785706236,3ac754e356b29579999779b2099956ae66308348bc6099336be75645a6f41ada
Profile 1/Extensions/ghbmnnjooekpmoecnnnilnnbdlolhkhi/1.108.1_0/_locales/fi/messages.json,888,1785706236,87b72410683d12a4441f7a11f26093e38f651cce318e162928b9dbf84b46faa8
Profile 1/Extensions/ghbmnnjooekpmoecnnnilnnbdlolhkhi/1.108.1_0/_locales/fil/messages.json,916,1785706236,ef66d67d6cc949329804a875e577ab57342bee98342bc6fb14019f3e0b3d79e9
Profile 1/Extensions/ghbmnnjooekpmoecnnnilnnbdlolhkhi/1.108.1_0/_locales/fr/messages.json,954,1785706236,c3b75939393e53f02d22f5090ecb3ccddb097f6278ea264dfd757ea6be247f69
Profile 1/Extensions/ghbmnnjooekpmoecnnnilnnbdlolhkhi/1.108.1_0/_locales/fr_CA/messages.json,949,1785706236,01ff0e94294966bfce9797ce8af76963e77979f665aaf692960b611fe76974a2
Profile 1/Extensions/ghbmnnjooekpmoecnnnilnnbdlolhkhi/1.108.1_0/_locales/gl/messages.json,927,1785706236,9890710df0fbf1db41bce41fe2f62424a3bd39d755d29e829744ed3da0c2ce1d
Profile 1/Extensions/ghbmnnjooekpmoecnnnilnnbdlolhkhi/1.108.1_0/_locales/gu/messages.json,1635,1785706236,edf08a08a1ceb1b057a6dbed1796c4714b0f078abf6a6e2b184ff16031c9675f
Profile 1/Extensions/ghbmnnjooekpmoecnnnilnnbdlolhkhi/1.108.1_0/_locales/hi/messages.json,1649,1785706236,51107cdcc464bda12f4b8cfa11c24a581364aa26968d192a97648843a9bc3a70
Profile 1/Extensions/ghbmnnjooekpmoecnnnilnnbdlolhkhi/1.108.1_0/_locales/hr/messages.json,912,1785706236,efde691b2cb063389a7742646466ffbfa45f701997a008134d55bb0939ae30ff
Profile 1/Extensions/ghbmnnjooekpmoecnnnilnnbdlolhkhi/1.108.1_0/_locales/hu/messages.json,1042,1785706236,076e129fc56343413806fcc29239b1693e31fe83c88555fbb42fbfacc212c061
Profile 1/Extensions/ghbmnnjooekpmoecnnnilnnbdlolhkhi/1.108.1_0/_locales/hy/messages.json,2771,1785706236,0b16e3f8bd904a767284345ae86a0a9927c47afe89e05ea2b13ad80009bdf9e4
Profile 1/Extensions/ghbmnnjooekpmoecnnnilnnbdlolhkhi/1.108.1_0/_locales/id/messages.json,835,1785706236,83cce49048490fc546230a619578a78d574db16f7912ed6624ff708869719de6
Profile 1/Extensions/ghbmnnjooekpmoecnnnilnnbdlolhkhi/1.108.1_0/_locales/is/messages.json,954,1785706236,943e61988c859bb088f548889f0449885525dd660626a89ba67b2c94cfbfbb1b
Profile 1/Extensions/ghbmnnjooekpmoecnnnilnnbdlolhkhi/1.108.1_0/_locales/it/messages.json,876,1785706236,08963459e7579c914fd077b0c81897a81e8e2fbe086363bbbdfae135ea90c2de
Profile 1/Extensions/ghbmnnjooekpmoecnnnilnnbdlolhkhi/1.108.1_0/_locales/iw/messages.json,2230,1785706236,bbb81c32f482ba3216c9b1189c70cef39ca8c2181af3538ffa07b4c6ad52f06a
Profile 1/Extensions/ghbmnnjooekpmoecnnnilnnbdlolhkhi/1.108.1_0/_locales/ja/messages.json,1137,1785706236,8868cdfa19974e5b850d2e7b46765cd6ba45b2e2dca706d7fd3dbe009212fa6b
Profile 1/Extensions/ghbmnnjooekpmoecnnnilnnbdlolhkhi/1.108.1_0/_locales/ka/messages.json,3264,1785706236,30898bbf51bdd58db397ff780f061e33431a38ef5cfc288b5177ecf76b399f26
Profile 1/Extensions/ghbmnnjooekpmoecnnnilnnbdlolhkhi/1.108.1_0/_locales/kk/messages.json,1424,1785706236,a723e94f86662e6fc71f9fe94209ef4c902051e3568b4e72ee2603dedeed7662
Profile 1/Extensions/ghbmnnjooekpmoecnnnilnnbdlolhkhi/1.108.1_0/_locales/km/messages.json,3122,1785706236,a6118f0a0de329e07c01f53cd6fb4fed43e54c5f53db4cd1c7f5b2b4d9fb10e6
Profile 1/Extensions/ghbmnnjooekpmoecnnnilnnbdlolhkhi/1.108.1_0/_locales/kn/messages.json,1872,1785706236,41cffe6d6c1d558f848a4248c7f064d9bc0f506276b5d0608ba4ed6ca3d272a1
Profile 1/Extensions/ghbmnnjooekpmoecnnnilnnbdlolhkhi/1.108.1_0/_locales/ko/messages.json,1019,1785706236,c610e58bbad545e2958995c9d00cd0ce5f7290b7d8272b3820e2948de4a85f97
Profile 1/Extensions/ghbmnnjooekpmoecnnnilnnbdlolhkhi/1.108.1_0/_locales/lo/messages.json,2535,1785706236,89082fb05229826bc222f5d22c158235f025f0e6df67ff135a18bd899e13bb8f
Profile 1/Extensions/ghbmnnjooekpmoecnnnilnnbdlolhkhi/1.108.1_0/_locales/lt/messages.json,1005,1785706236,b67932bc54a1bf6b4b6e4cbaef3ffd6137d2a6eef883090cdc34a0f6a0120fc3
Profile 1/Extensions/ghbmnnjooekpmoecnnnilnnbdlolhkhi/1.108.1_0/_locales/lv/messages.json,971,1785706236,295af871066a1ce81c2a396758248f0ce9a814740e3404136da35e330d46621d
Profile 1/Extensions/ghbmnnjooekpmoecnnnilnnbdlolhkhi/1.108.1_0/_locales/mk/messages.json,2875,1785706236,d0ae7739adea379b6390d1ee65699fc78d8649b7977503b062f34a52690a5744
Profile 1/Extensions/ghbmnnjooekpmoecnnnilnnbdlolhkhi/1.108.1_0/_locales/ml/messages.json,2068,1785706236,6714af6a4d3fbb565558bd3b24c09a0442a6ba8ce6143f6295db662736495ca4
Profile 1/Extensions/ghbmnnjooekpmoecnnnilnnbdlolhkhi/1.108.1_0/_locales/mn/messages.json,2778,1785706236,613d8751f6cc9d3fa319f4b7ea8b2bd3bed37fd077482ca825929dd7c12a69a8
Profile 1/Extensions/ghbmnnjooekpmoecnnnilnnbdlolhkhi/1.108.1_0/_locales/mr/messages.json,1696,1785706236,037d28d3b9aaf5a760dd1fddec5b9d4d9d881a8f3deb20e84131694f0cc819ab
Profile 1/Extensions/ghbmnnjooekpmoecnnnilnnbdlolhkhi/1.108.1_0/_locales/ms/messages.json,913,1785706236,3b588ddd8fec31a4b22a5bd7e5a814524eea162552bd9a253ec61d6f57e1cad9
Profile 1/Extensions/ghbmnnjooekpmoecnnnilnnbdlolhkhi/1.108.1_0/_locales/my/messages.json,3830,1785706236,243befbd6b67a21433dcc97dc1a728896d3a070dc20055eb04d644e1bb955fe7
Profile 1/Extensions/ghbmnnjooekpmoecnnnilnnbdlolhkhi/1.108.1_0/_locales/ne/messages.json,3160,1785706236,34c00e5e0690a2dfe5e5d47c6e7acf7052510df82d902cd2b3ebcdedd7c1a61c
Profile 1/Extensions/ghbmnnjooekpmoecnnnilnnbdlolhkhi/1.108.1_0/_locales/nl/messages.json,891,1785706236,07c20d230caf68c7cc1d776bca5ec2e02cc333563e32fdd239d4816274ad5902
Profile 1/Extensions/ghbmnnjooekpmoecnnnilnnbdlolhkhi/1.108.1_0/_locales/no/messages.json,855,1785706236,0afab3185b95601a62bb2de47b461e942e93aa1b1f959f2cf6df2280001fb35b
Profile 1/Extensions/ghbmnnjooekpmoecnnnilnnbdlolhkhi/1.108.1_0/_locales/or/messages.json,2902,1785706236,4fa7d3ed5b6003b4b0b3d1cedf0a7dd6489b96311b4bc320e8a3dd16852d59d9
Profile 1/Extensions/ghbmnnjooekpmoecnnnilnnbdlolhkhi/1.108.1_0/_locales/pa/messages.json,2766,1785706236,bbd37d41b7de6f93948fa2437a7699d4c30a3c39e736179702f212cb36a3133c
Profile 1/Extensions/ghbmnnjooekpmoecnnnilnnbdlolhkhi/1.108.1_0/_locales/pl/messages.json,955,1785706236,9d1b2dbb3359458e5baf3d0d34741f832fc6b0e3455dcea046c51b6dd01668a6
Profile 1/Extensions/ghbmnnjooekpmoecnnnilnnbdlolhkhi/1.108.1_0/_locales/pt_BR/messages.json,866,1785706236,5f36789b0078824ef4259d70632c5b5b976fddf9aa430f50a8ece4e4b602ebbe
Profile 1/Extensions/ghbmnnjooekpmoecnnnilnnbdlolhkhi/1.108.1_0/_locales/pt_PT/messages.json,891,1785706236,095041e0f611a2f0b11251c969f3ee3f12d0c66e98d9450923d4c528d12dfe70
Profile 1/Extensions/ghbmnnjooekpmoecnnnilnnbdlolhkhi/1.108.1_0/_locales/ro/messages.json,914,1785706236,471c650dec886cd0ec40486cd191f935e1e79c9512a73d2ac4d0f2ff79641973
Profile 1/Extensions/ghbmnnjooekpmoecnnnilnnbdlolhkhi/1.108.1_0/_locales/ru/messages.json,1318,1785706236,aaabe1585f5afeafee5d6563e0a4dccd263a3b09712d52dae77f21666fe60976
Profile 1/Extensions/ghbmnnjooekpmoecnnnilnnbdlolhkhi/1.108.1_0/_locales/si/messages.json,2846,1785706236,54241ebe651a8344235cc47afd274c080abaebc8c3a25afb95d8373b6a5670a2
Profile 1/Extensions/ghbmnnjooekpmoecnnnilnnbdlolhkhi/1.108.1_0/_locales/sk/messages.json,911,1785706236,d9ca84b6aec08748eb826801a7f5597464a3593aac972db14d3b826f7f1ac8c8
Profile 1/Extensions/ghbmnnjooekpmoecnnnilnnbdlolhkhi/1.108.1_0/_locales/sl/messages.json,940,1785706236,e75c45ea0c75772ed7afdf1b98b04ea6f22babe8be821f1ae4c4355cbf2e95dc
Profile 1/Extensions/ghbmnnjooekpmoecnnnilnnbdlolhkhi/1.108.1_0/_locales/sq/messages.json,923,1785706236,ea42c8f96c26ccb55a95f1f7bbbaf151ed36e9c737c54bb3c5081f3fdb9e9066
Profile 1/Extensions/ghbmnnjooekpmoecnnnilnnbdlolhkhi/1.108.1_0/_locales/sr/messages.json,1297,1785706236,0fdac42a2dec881d3b18df83ff5da72cf217851e852bd1902240db91f8d5371f
Profile 1/Extensions/ghbmnnjooekpmoecnnnilnnbdlolhkhi/1.108.1_0/_locales/sv/messages.json,861,1785706236,0430d75210dabe65f5899f4ccdb3c834b6e363e6d1a6d682541aff50e781e78b
Profile 1/Extensions/ghbmnnjooekpmoecnnnilnnbdlolhkhi/1.108.1_0/_locales/sw/messages.json,957,1785706236,9602b746a1d32bdc9dc11e155fe7145426a991572463821d970bd86b965b0882
Profile 1/Extensions/ghbmnnjooekpmoecnnnilnnbdlolhkhi/1.108.1_0/_locales/ta/messages.json,1918,1785706236,baa4275420327e1f4c296e85c9eaeeadbe4e3f2ceb8391beda01d0809326ca1e
Profile 1/Extensions/ghbmnnjooekpmoecnnnilnnbdlolhkhi/1.108.1_0/_locales/te/messages.json,1946,1785706236,9bc7cd7fe286f41f6a48566c3b8b7b6e6e5542954c2386613374f6f3c84490f8
Profile 1/Extensions/ghbmnnjooekpmoecnnnilnnbdlolhkhi/1.108.1_0/_locales/th/messages.json,1651,1785706236,6f3fa69ff687c6566d7b97245365ca39c9fd27f75949275965eaa40754036182
Profile 1/Extensions/ghbmnnjooekpmoecnnnilnnbdlolhkhi/1.108.1_0/_locales/tr/messages.json,1040,1785706236,62fbb78fa2245e68505f0c6281b475d27d3da76f9ff91b2bbef41eef05b9c343
Profile 1/Extensions/ghbmnnjooekpmoecnnnilnnbdlolhkhi/1.108.1_0/_locales/uk/messages.json,1310,1785706236,0505dde7a9b3d5a90ee519f96bf2b2d052e81de8a68ef1d8537b74838d7b8b80
Profile 1/Extensions/ghbmnnjooekpmoecnnnilnnbdlolhkhi/1.108.1_0/_locales/ur/messages.json,1240,1785706236,293f7bb05ff73eb5fb63f6241de4aa1bb574ec91728df34ebe80ad456d30906f
Profile 1/Extensions/ghbmnnjooekpmoecnnnilnnbdlolhkhi/1.108.1_0/_locales/uz/messages.json,842,1785706236,54fb11c8b58dfeece06bf9c8ad5eb5c61f8a916df3efc940ac4af0263c375529
Profile 1/Extensions/ghbmnnjooekpmoecnnnilnnbdlolhkhi/1.108.1_0/_locales/vi/messages.json,1051,1785706236,3751eb007a9f8ad9f7a08452673cd2fc6ca1807d4fb98eb926706e0356d2aec4
Profile 1/Extensions/ghbmnnjooekpmoecnnnilnnbdlolhkhi/1.108.1_0/_locales/zh_CN/messages.json,850,1785706236,9c0a7674853ff9e2aa581bd9758c6dde1c56b0ae67db655fdb28bd941e6ddd5c
Profile 1/Extensions/ghbmnnjooekpmoecnnnilnnbdlolhkhi/1.108.1_0/_locales/zh_HK/messages.json,1205,1785706236,30f44cfad052d73d86d12fa20cfc111563a3b2e4523b43f7d66d934ba8dace91
Profile 1/Extensions/ghbmnnjooekpmoecnnnilnnbdlolhkhi/1.108.1_0/_locales/zh_TW/messages.json,820,1785706236,ffa97e2e6d5805d0bed1d99bf8a1a05a90338aa15bc82fea37ecfbc1f71f8d70
Profile 1/Extensions/ghbmnnjooekpmoecnnnilnnbdlolhkhi/1.108.1_0/_locales/zu/messages.json,912,1785706236,ec78ddd4ccf32b5d76ec701a20167c3fbd146d79a505e4fb0421fc1e5cf4aa63
Profile 1/Extensions/ghbmnnjooekpmoecnnnilnnbdlolhkhi/1.108.1_0/_metadata/computed_hashes.json,6079,1785706236,27c32cabaae3acc5f6a49600db8450f7ea3058fb072286438b2f08a8acfc9788
Profile 1/Extensions/ghbmnnjooekpmoecnnnilnnbdlolhkhi/1.108.1_0/_metadata/verified_contents.json,11914,1785706236,a21a4531a86d6985fe7cf0f7cd30b92d6ee39decec9e5e4867ba80cbae5221eb
Profile 1/Extensions/ghbmnnjooekpmoecnnnilnnbdlolhkhi/1.108.1_0/dasherSettingSchema.json,854,1785706236,6c69ce0fe6fab14f1990a320d704fee362c175c00eb6c9224aa6f41108918ca6
Profile 1/Extensions/ghbmnnjooekpmoecnnnilnnbdlolhkhi/1.108.1_0/manifest.json,2488,1785706236,af7e2d41582a4e66f8e5d32b1a666fac8dfc472164e6916a2312c8505bf33050
Profile 1/Extensions/ghbmnnjooekpmoecnnnilnnbdlolhkhi/1.108.1_0/offscreendocument.html,97,1785706236,b9fa2d52a4ffabb438b56184131b893b04655b01f336066415d4fe839efe64e7
Profile 1/Extensions/ghbmnnjooekpmoecnnnilnnbdlolhkhi/1.108.1_0/offscreendocument_main.js,128657,1785706236,f73d2bda7cfe1b6106ef383e731219d7a20505511d8e9904d7aa4c1894c5d78a
Profile 1/Extensions/ghbmnnjooekpmoecnnnilnnbdlolhkhi/1.108.1_0/page_embed_script.js,339,1785706236,f5110dc40804ceb107756deda4ba1d17cddc7bb211baa8d4b744820ed72634d7
Profile 1/Extensions/ghbmnnjooekpmoecnnnilnnbdlolhkhi/1.108.1_0/service_worker_bin_prod.js,134576,1785706236,5b83ed539c1e9c2769e4e3cd4aa397a66bdd6cfa763e230414c0a885a350903a
Profile 1/Extensions/nmmhkkegccagdldgiimedpiccmgmieda/1.0.0.6_0/_locales/bg/messages.json,773,1785706236,a8bb5cf3fa570bd798337f6b81696bd058a817a594b72afb3742ebb32a47dddc
Profile 1/Extensions/nmmhkkegccagdldgiimedpiccmgmieda/1.0.0.6_0/_locales/ca/messages.json,652,1785706236,e8b4991787e773677311f3ae7559854c12cded12eb59c6fd0373171e191116a8
Profile 1/Extensions/nmmhkkegccagdldgiimedpiccmgmieda/1.0.0.6_0/_locales/cs/messages.json,618,1785706236,bc201f50cb52a042e53d6df24e196ccbcc9a5d5dc482bfcbeb0c44686afabab7
Profile 1/Extensions/nmmhkkegccagdldgiimedpiccmgmieda/1.0.0.6_0/_locales/da/messages.json,601,1785706236,9e5a1af181c9b7f70b9c28e2ac42061c14f9b3d6cd9a452e0f447d7ec495093d
Profile 1/Extensions/nmmhkkegccagdldgiimedpiccmgmieda/1.0.0.6_0/_locales/de/messages.json,628,1785706236,258382bd17a9307183c331cd88733634c523ea42169e4cabb33213c0e88d4aed
Profile 1/Extensions/nmmhkkegccagdldgiimedpiccmgmieda/1.0.0.6_0/_locales/el/messages.json,764,1785706236,d4e77302769e0d4f59d627f24194f0c3f3489adefac3903fb7d066216800896b
Profile 1/Extensions/nmmhkkegccagdldgiimedpiccmgmieda/1.0.0.6_0/_locales/en/messages.json,570,1785706236,3a2170deeaa0559e67da96a6530e5f29b957e72155bf8ad743edef83bf363c28
Profile 1/Extensions/nmmhkkegccagdldgiimedpiccmgmieda/1.0.0.6_0/_locales/en_GB/messages.json,570,1785706236,3a2170deeaa0559e67da96a6530e5f29b957e72155bf8ad743edef83bf363c28
Profile 1/Extensions/nmmhkkegccagdldgiimedpiccmgmieda/1.0.0.6_0/_locales/es/messages.json,638,1785706236,c0743808e652dd81cb3c14d8d3908c5283a5c02cf15d3d7adfbce2572ad92286
Profile 1/Extensions/nmmhkkegccagdldgiimedpiccmgmieda/1.0.0.6_0/_locales/es_419/messages.json,614,1785706236,1e4bef29513bf66f020f80c41f8f133b52ea356e593dc93f6d4f9cb2bbc221fd
Profile 1/Extensions/nmmhkkegccagdldgiimedpiccmgmieda/1.0.0.6_0/_locales/et/messages.json,572,1785706236,fc7ed74810b611c17f6231b4bbb5c54c932b82bf45a10fa1088d542779249adf
Profile 1/Extensions/nmmhkkegccagdldgiimedpiccmgmieda/1.0.0.6_0/_locales/fi/messages.json,624,1785706236,4ccad22d43cb7484e8696321d7402f3bd7035c3fa7ebd27df53efab0a99b4951
Profile 1/Extensions/nmmhkkegccagdldgiimedpiccmgmieda/1.0.0.6_0/_locales/fil/messages.json,635,1785706236,f302cf73f7dcdb7abbb76887531cf60008338d4456aba4fe484eab749bb39c1a
Profile 1/Extensions/nmmhkkegccagdldgiimedpiccmgmieda/1.0.0.6_0/_locales/fr/messages.json,654,1785706236,425c924431588edb55bc274f9b82b6dce4407fb40cd79e9c368d1db9d654b6f0
Profile 1/Extensions/nmmhkkegccagdldgiimedpiccmgmieda/1.0.0.6_0/_locales/hi/messages.json,812,1785706236,a4e4cd5172d9c607ea486c3cf2f9da5272333f1e175d75e173399cb0738bbcd6
Profile 1/Extensions/nmmhkkegccagdldgiimedpiccmgmieda/1.0.0.6_0/_locales/hr/messages.json,595,1785706236,713ae9ac2c4b93a66541c666bd43361d00b597d30ce18275b5fe0eab7200573b
Profile 1/Extensions/nmmhkkegccagdldgiimedpiccmgmieda/1.0.0.6_0/_locales/hu/messages.json,660,1785706236,bbe7bef0789a6c9dff7aa760379d1f992f3efd888efca28cab8b411a8805d51a
Profile 1/Extensions/nmmhkkegccagdldgiimedpiccmgmieda/1.0.0.6_0/_locales/id/messages.json,581,1785706236,9289dd47a5ca9d70b35dcc65260e759242ed349d75706e09930dade27ccd97e9
Profile 1/Extensions/nmmhkkegccagdldgiimedpiccmgmieda/1.0.0.6_0/_locales/it/messages.json,580,1785706236,04539ec30baeceb570b082feb8dc21fab9b952365c7ee29feb9fcf64d5425329
Profile 1/Extensions/nmmhkkegccagdldgiimedpiccmgmieda/1.0.0.6_0/_locales/ja/messages.json,674,1785706236,92926bcce9eccce167e261c3312fd8d41363b75fa73c04dd80482c2219a476cd
Profile 1/Extensions/nmmhkkegccagdldgiimedpiccmgmieda/1.0.0.6_0/_locales/ko/messages.json,608,1785706236,24f0abf87d8c4799187ae8b522507edeb7f90fccda7fb0ab64e4ef899927caee
Profile 1/Extensions/nmmhkkegccagdldgiimedpiccmgmieda/1.0.0.6_0/_locales/lt/messages.json,642,1785706236,0c058e77552ff9d0bc9f09a32213aac68faeee2f30908e031ac7c79a6d0cdf39
Profile 1/Extensions/nmmhkkegccagdldgiimedpiccmgmieda/1.0.0.6_0/_locales/lv/messages.json,648,1785706236,6b990595bf4d81bb6e779774ca0b33895edaa5ac8925990c9bcca870dd408869
Profile 1/Extensions/nmmhkkegccagdldgiimedpiccmgmieda/1.0.0.6_0/_locales/nb/messages.json,601,1785706236,4ad88196076f7204112ccec036e4e8b760dfb041d4df2ab94f0887aaaa262a88
Profile 1/Extensions/nmmhkkegccagdldgiimedpiccmgmieda/1.0.0.6_0/_locales/nl/messages.json,592,1785706236,ae4110e3fb6702604fcfc5a9267d4c92aab55bd1aada3ab59a6b4737b7e3d6a6
Profile 1/Extensions/nmmhkkegccagdldgiimedpiccmgmieda/1.0.0.6_0/_locales/pl/messages.json,613,1785706236,f55c30bce5a043a78e867f8f4cf181feacadef0cbb5d4c83402f054847bd7c80
Profile 1/Extensions/nmmhkkegccagdldgiimedpiccmgmieda/1.0.0.6_0/_locales/pt_BR/messages.json,613,1785706236,7ff7265293b31febaa87c5f2329df5c6a8eb9f903cccd941f70fd563b5336b59
Profile 1/Extensions/nmmhkkegccagdldgiimedpiccmgmieda/1.0.0.6_0/_locales/pt_PT/messages.json,599,1785706236,ef28551516e35caa633d3b011552c8ed2ecacbc66af83b60852e136253a4de6a
Profile 1/Extensions/nmmhkkegccagdldgiimedpiccmgmieda/1.0.0.6_0/_locales/ro/messages.json,618,1785706236,65ee3fd8019b7146c3b006f0ca489f9eaf4ed47dfe759bc394b4bc6d46d8ea90
Profile 1/Extensions/nmmhkkegccagdldgiimedpiccmgmieda/1.0.0.6_0/_locales/ru/messages.json,721,1785706236,d085a8dacc38cf7285bd67ff6c10cda34b1c37c577f1dbbf5be55c43c13b1eaa
Profile 1/Extensions/nmmhkkegccagdldgiimedpiccmgmieda/1.0.0.6_0/_locales/sk/messages.json,624,1785706236,9876a7d102e915e5870b8c69dc39485c85b8546d5b4bff8c31202fba8b100d4f
Profile 1/Extensions/nmmhkkegccagdldgiimedpiccmgmieda/1.0.0.6_0/_locales/sl/messages.json,594,1785706236,2f57689da236775e94b547419c7bd81ed1401e6d1f3dd0b11c94533a88d930a2
Profile 1/Extensions/nmmhkkegccagdldgiimedpiccmgmieda/1.0.0.6_0/_locales/sr/messages.json,720,1785706236,66f7f84a8a20060f7f05bd9b532ea3c4d18e2392c9bdfe4481f8f35f08c9fdc1
Profile 1/Extensions/nmmhkkegccagdldgiimedpiccmgmieda/1.0.0.6_0/_locales/sv/messages.json,607,1785706236,80da2cb02de66fd946379af43da88cbaa1d56c4c4fa0e6fea55a0760d6fac5b8
Profile 1/Extensions/nmmhkkegccagdldgiimedpiccmgmieda/1.0.0.6_0/_locales/th/messages.json,922,1785706236,db81752467a936b153d8131a21fc5b965ce8551096d537ec8f61ba308da36304
Profile 1/Extensions/nmmhkkegccagdldgiimedpiccmgmieda/1.0.0.6_0/_locales/tr/messages.json,608,1785706236,ef61d11d7752eb68a695fe9bbfa5f55582abd701ace6952254c786ad64467623
Profile 1/Extensions/nmmhkkegccagdldgiimedpiccmgmieda/1.0.0.6_0/_locales/uk/messages.json,697,1785706236,28a592385c1cf1a5dc952c3df7a3069f7a527e9a26d0716f9849c9c27d2e07af
Profile 1/Extensions/nmmhkkegccagdldgiimedpiccmgmieda/1.0.0.6_0/_locales/vi/messages.json,672,1785706236,a849cc3a067e91fed53ec39f6ffaef1a98affc14ce0b436dc97e7dd4d3837122
Profile 1/Extensions/nmmhkkegccagdldgiimedpiccmgmieda/1.0.0.6_0/_locales/zh_CN/messages.json,572,1785706236,52b181f050eb7df9e6a74021f14da8c8c433894a1dd961094042bcd59405477b
Profile 1/Extensions/nmmhkkegccagdldgiimedpiccmgmieda/1.0.0.6_0/_locales/zh_TW/messages.json,611,1785706236,3b9d772213d148aa99a5b893242d00bc32081c464a5a595a5f6b1a7349ee8b02
Profile 1/Extensions/nmmhkkegccagdldgiimedpiccmgmieda/1.0.0.6_0/_metadata/computed_hashes.json,11217,1785706236,965203d541e442c107dbc6d5b395168123d0397559774beae4e5b9abc44ef268
Profile 1/Extensions/nmmhkkegccagdldgiimedpiccmgmieda/1.0.0.6_0/_metadata/verified_contents.json,7780,1785706236,52a24fa2fb3bcb18d9d8571ae385c4a830ff98ce4c18384d40a84ea7f6ba7f69
Profile 1/Extensions/nmmhkkegccagdldgiimedpiccmgmieda/1.0.0.6_0/craw_background.js,544643,1785706236,04cd9494b0ed83924dad12202630b20d053d9e2819c8e826a386c814cc0a1697
Profile 1/Extensions/nmmhkkegccagdldgiimedpiccmgmieda/1.0.0.6_0/craw_window.js,261316,1785706236,5721a4b3f8e09c869a629effd350b51c9d46f0ac136717d4db6265c0ee6f9ac8
Profile 1/Extensions/nmmhkkegccagdldgiimedpiccmgmieda/1.0.0.6_0/css/craw_window.css,1741,1785706236,10dfbd2d98950b79ee12f6b8e3885aabe31543048de56ad4fc0a5e34d0d9d4ec
Profile 1/Extensions/nmmhkkegccagdldgiimedpiccmgmieda/1.0.0.6_0/html/craw_window.html,810,1785706236,bb8742615e4cd996ae5d0200e443ae6a6f0b473255f03affdb8fb4660de4554d
Profile 1/Extensions/nmmhkkegccagdldgiimedpiccmgmieda/1.0.0.6_0/images/flapper.gif,70364,1785706236,2b73533f47a99ffea9cc405ffafa9c4c53623f62487aebfba415945120b22040
Profile 1/Extensions/nmmhkkegccagdldgiimedpiccmgmieda/1.0.0.6_0/images/icon_128.png,4346,1785706236,ffabe30fdfbe544f611f47d542a6db95c785a993edbace0d7d3116cd90183b24
Profile 1/Extensions/nmmhkkegccagdldgiimedpiccmgmieda/1.0.0.6_0/images/icon_16.png,582,1785706236,ea3a6eb816e3a8cab8f923cea33bad0a3fa29caefb92147c1a38060b9f5b3058
Profile 1/Extensions/nmmhkkegccagdldgiimedpiccmgmieda/1.0.0.6_0/images/topbar_floating_button.png,160,1785706236,d5f9234dc36e7ffa85f35b2359a4f82276f8395efa76e4553507ea990b27fc6c
Profile 1/Extensions/nmmhkkegccagdldgiimedpiccmgmieda/1.0.0.6_0/images/topbar_floating_button_close.png,252,1785706236,131817cd9311c03df22d769dd2ad7fa2e6e9558863a89f7e5e1657424031a937
Profile 1/Extensions/nmmhkkegccagdldgiimedpiccmgmieda/1.0.0.6_0/images/topbar_floating_button_hover.png,160,1785706236,721b7aaa9a42a54a349881615a12e3a26983aca48e173fd2f66e66aa0d725735
Profile 1/Extensions/nmmhkkegccagdldgiimedpiccmgmieda/1.0.0.6_0/images/topbar_floating_button_maximize.png,166,1785706236,afa4ea944cbdec8543242e627ef46d5bfd3766dcac664e7e50cdeef2b352740c
Profile 1/Extensions/nmmhkkegccagdldgiimedpiccmgmieda/1.0.0.6_0/images/topbar_floating_button_pressed.png,160,1785706236,5c10ce0589eb115600f77381130b70ae0b7b3752614d86d4c89e857658aa222b
Profile 1/Extensions/nmmhkkegccagdldgiimedpiccmgmieda/1.0.0.6_0/manifest.json,1295,1785706236,5dbdf0ed368be287abaff83d639b760fa5d7dc8a28e92387773b4fd3e1ba4f19
Profile 1/Favicons,22528,1785706245,c164d7d0d25f1e44e3f46a1128cb6e2fe317f08d05ac546ab01055dc2b07217d
Profile 1/Favicons-journal,0,1785706245,e3b0c44298fc1c149afbf4c8996fb92427ae41e4649b934ca495991b7852b855
Profile 1/Feature Engagement Tracker/AvailabilityDB/LOCK,0,1785706234,e3b0c44298fc1c149afbf4c8996fb92427ae41e4649b934ca495991b7852b855
Profile 1/Feature Engagement Tracker/AvailabilityDB/LOG,0,1785706234,e3b0c44298fc1c149afbf4c8996fb92427ae41e4649b934ca495991b7852b855
Profile 1/Feature Engagement Tracker/EventDB/LOCK,0,1785706234,e3b0c44298fc1c149afbf4c8996fb92427ae41e4649b934ca495991b7852b855
Profile 1/Feature Engagement Tracker/EventDB/LOG,0,1785706234,e3b0c44298fc1c149afbf4c8996fb92427ae41e4649b934ca495991b7852b855
Profile 1/GCM Store/000003.log,1142,1785706263,960c07e4161682f8239eaf0f179829040f389b05716695d8e5eed6357e4f649b
Profile 1/GCM Store/CURRENT,16,1785706234,0f1bad70c7bd1e0a69562853ec529355462fcd0423263a3d39d6d0d70b780443
Profile 1/GCM Store/Encryption/000003.log,0,1785706235,e3b0c44298fc1c149afbf4c8996fb92427ae41e4649b934ca495991b7852b855
Profile 1/GCM Store/Encryption/CURRENT,16,1785706235,0f1bad70c7bd1e0a69562853ec529355462fcd0423263a3d39d6d0d70b780443
Profile 1/GCM Store/Encryption/LOCK,0,1785706235,e3b0c44298fc1c149afbf4c8996fb92427ae41e4649b934ca495991b7852b855
Profile 1/GCM Store/Encryption/LOG,251,1785706235,6385b72b57ab53acc6ed9c2d435cb2cf3da84e52f46b6b214c0533467bb6d6ca
Profile 1/GCM Store/Encryption/MANIFEST-000001,41,1785706235,f9d31b278e215eb0d0e9cd709edfa037e828f36214ab7906f612160fead4b2b4
Profile 1/GCM Store/LOCK,0,1785706234,e3b0c44298fc1c149afbf4c8996fb92427ae41e4649b934ca495991b7852b855
Profile 1/GCM Store/LOG,229,1785706234,7fc2f84923b4e0f0439d1d28bdbb4acdead12fdd4aacd600b163744577bb1158
Profile 1/GCM Store/MANIFEST-000001,41,1785706234,f9d31b278e215eb0d0e9cd709edfa037e828f36214ab7906f612160fead4b2b4
Profile 1/GPUCache/data_0,8192,1785706234,d6a5fe39cd672781b256e0e3102f7022635f1d4bb7cfcc90a80fffe4d0f3877e
Profile 1/GPUCache/data_1,270336,1785706351,29db7b5087d098da3c264b168b5f77b2b2ce37d9cdd93c6dee548e24f4672d81
Profile 1/GPUCache/data_2,8192,1785706234,ec1702806f4cc7c42a82fc2b38e89835fde7c64bb32060e0823c9077ca92efb7
Profile 1/GPUCache/data_3,8192,1785706234,e09f42c398d688dce168570291f1f92d079987deda3099a34adb9e8c0522b30c
Profile 1/GPUCache/index,262512,1785706234,f8c348b254ccc4c125092ba56e12622d97589f8ed39ea4d1850df0fffd158ba1
Profile 1/History,163840,1785706351,3278dc9d6b5fd150b68546b969f1905fc643e16bdb2189827191e482d3cb0f43
Profile 1/History-journal,0,1785706351,e3b0c44298fc1c149afbf4c8996fb92427ae41e4649b934ca495991b7852b855
Profile 1/LOCK,0,1785706234,e3b0c44298fc1c149afbf4c8996fb92427ae41e4649b934ca495991b7852b855
Profile 1/LOG,0,1785706234,e3b0c44298fc1c149afbf4c8996fb92427ae41e4649b934ca495991b7852b855
Profile 1/Local Extension Settings/ghbmnnjooekpmoecnnnilnnbdlolhkhi/000003.log,49,1785706236,9d89630da3bde9505d4c2cc684eb01c2d4d7d11028d01d309aca12b064f779e6
Profile 1/Local Extension Settings/ghbmnnjooekpmoecnnnilnnbdlolhkhi/CURRENT,16,1785706236,0f1bad70c7bd1e0a69562853ec529355462fcd0423263a3d39d6d0d70b780443
Profile 1/Local Extension Settings/ghbmnnjooekpmoecnnnilnnbdlolhkhi/LOCK,0,1785706236,e3b0c44298fc1c149afbf4c8996fb92427ae41e4649b934ca495991b7852b855
Profile 1/Local Extension Settings/ghbmnnjooekpmoecnnnilnnbdlolhkhi/LOG,325,1785706236,4d88af436020f3365a5c93be76cdb64f454ad4bc8775e564f93ed78f3d58743b
Profile 1/Local Extension Settings/ghbmnnjooekpmoecnnnilnnbdlolhkhi/MANIFEST-000001,41,1785706236,f9d31b278e215eb0d0e9cd709edfa037e828f36214ab7906f612160fead4b2b4
Profile 1/Local Storage/leveldb/000003.log,49,1785706294,af47b5d07d2f1aa55711e00774a429289267a82e604602df8fdd2c5047626159
Profile 1/Local Storage/leveldb/CURRENT,16,1785706234,0f1bad70c7bd1e0a69562853ec529355462fcd0423263a3d39d6d0d70b780443
Profile 1/Local Storage/leveldb/LOCK,0,1785706234,e3b0c44298fc1c149afbf4c8996fb92427ae41e4649b934ca495991b7852b855
Profile 1/Local Storage/leveldb/LOG,253,1785706234,4a625553ff97cfc97180b1937324f65c92cc5bb929d1e7bd6a0f09b13f42a46a
Profile 1/Local Storage/leveldb/MANIFEST-000001,41,1785706234,f9d31b278e215eb0d0e9cd709edfa037e828f36214ab7906f612160fead4b2b4
Profile 1/Login Data,40960,1785706234,05e8c5e696093d57d273f916a2c9f2ef9b055eea6cb41f3ae258255409a89012
Profile 1/Login Data For Account,40960,1785706234,05e8c5e696093d57d273f916a2c9f2ef9b055eea6cb41f3ae258255409a89012
Profile 1/Login Data For Account-journal,0,1785706234,e3b0c44298fc1c149afbf4c8996fb92427ae41e4649b934ca495991b7852b855
Profile 1/Login Data-journal,0,1785706234,e3b0c44298fc1c149afbf4c8996fb92427ae41e4649b934ca495991b7852b855
Profile 1/Network Action Predictor,53248,1785706266,787f6621bb76f02a08927041ed27e88a07e4a1187a29d8637cf7b406a5a125a3
Profile 1/Network Action Predictor-journal,0,1785706266,e3b0c44298fc1c149afbf4c8996fb92427ae41e4649b934ca495991b7852b855
Profile 1/Network Persistent State,3551,1785706305,64012eb9df19d3c6330328f22b5534a73d02c9d696c8127efaec65846137a0d4
Profile 1/PersistentOriginTrials/LOCK,0,1785706234,e3b0c44298fc1c149afbf4c8996fb92427ae41e4649b934ca495991b7852b855
Profile 1/PersistentOriginTrials/LOG,0,1785706234,e3b0c44298fc1c149afbf4c8996fb92427ae41e4649b934ca495991b7852b855
Profile 1/Preferences,15569,1785706351,1fac8c4f481f59f7cc63850b2c9c58ad71264c59d1afd779a83359619f3cde36
Profile 1/PreferredApps,33,1785706235,42b55d126d1e640b1ed7a6bdcb9a46c81df461fa7e131f4f8c7108c2c61c14de
Profile 1/README,180,1785706234,c43668eec4a8d88a5b3a06a84f8846853fe33e54293c2db56899a5a5dfb4d944
Profile 1/Reporting and NEL,36864,1785706265,45d4fe35bc522bdcf920f05040b06b418153ac9eb9ef31825fbfb0dca01ba3f3
Profile 1/Reporting and NEL-journal,0,1785706265,e3b0c44298fc1c149afbf4c8996fb92427ae41e4649b934ca495991b7852b855
Profile 1/Secure Preferences,19965,1785706351,a902a449f4c50554145432d09bebb172e55f9e0819634f83dea22d9dbf5d79b5
Profile 1/Segmentation Platform/SegmentInfoDB/LOCK,0,1785706234,e3b0c44298fc1c149afbf4c8996fb92427ae41e4649b934ca495991b7852b855
Profile 1/Segmentation Platform/SegmentInfoDB/LOG,0,1785706234,e3b0c44298fc1c149afbf4c8996fb92427ae41e4649b934ca495991b7852b855
Profile 1/Segmentation Platform/SignalDB/LOCK,0,1785706234,e3b0c44298fc1c149afbf4c8996fb92427ae41e4649b934ca495991b7852b855
Profile 1/Segmentation Platform/SignalDB/LOG,0,1785706234,e3b0c44298fc1c149afbf4c8996fb92427ae41e4649b934ca495991b7852b855
Profile 1/Segmentation Platform/SignalStorageConfigDB/LOCK,0,1785706234,e3b0c44298fc1c149afbf4c8996fb92427ae41e4649b934ca495991b7852b855
Profile 1/Segmentation Platform/SignalStorageConfigDB/LOG,0,1785706234,e3b0c44298fc1c149afbf4c8996fb92427ae41e4649b934ca495991b7852b855
Profile 1/ServerCertificate,20480,1785706234,4d2411474fd0bd7237bae798a21959c422dccc3275d742b8de4440cc244b22ce
Profile 1/ServerCertificate-journal,0,1785706234,e3b0c44298fc1c149afbf4c8996fb92427ae41e4649b934ca495991b7852b855
Profile 1/Service Worker/Database/000003.log,2296,1785706236,dabf21dfea9437c329cbb9fa0eb96a901daccb50329f40453e5726d847b3542c
Profile 1/Service Worker/Database/CURRENT,16,1785706235,0f1bad70c7bd1e0a69562853ec529355462fcd0423263a3d39d6d0d70b780443
Profile 1/Service Worker/Database/LOCK,0,1785706235,e3b0c44298fc1c149afbf4c8996fb92427ae41e4649b934ca495991b7852b855
Profile 1/Service Worker/Database/LOG,257,1785706235,e84bf86376ccd88c7047536222eecfffc3f447e6d24f8c2bc3a3129bd98d574e
Profile 1/Service Worker/Database/MANIFEST-000001,41,1785706235,f9d31b278e215eb0d0e9cd709edfa037e828f36214ab7906f612160fead4b2b4
Profile 1/Service Worker/ScriptCache/2cc80dabc69f58b6_0,472,1785706235,7433e2de592bac3d53e34206cd580d140d107eae0defa146b238d209d3b34c87
Profile 1/Service Worker/ScriptCache/4cb013792b196a35_0,10387,1785706235,9bfcd210dc08c82ce5d351f0b2e015d246be763173e1310cc3fe651d99c308aa
Profile 1/Service Worker/ScriptCache/4cb013792b196a35_1,7201,1785706235,b73f24ea824e30fce86d5e8e19c14d43fecf156181c99e3ab8d9653f005f6203
Profile 1/Service Worker/ScriptCache/f1cdccba37924bda_0,134973,1785706236,9bf0f9728282158ce02d288789d0109384906cf13f3b7c358ceec81855c7f9fd
Profile 1/Service Worker/ScriptCache/f1cdccba37924bda_1,338433,1785706236,7165c66d726a3c6bf922d3f05048de6e6dac047efd350de82dad4dcbadb5a8af
Profile 1/Service Worker/ScriptCache/index,24,1785706235,fbcfe23a2ecb82b7100c50811691dde0a33aa3da8d176be9882a9db485dc0f2d
Profile 1/Service Worker/ScriptCache/index-dir/the-real-index,120,1785706256,2daf2c60c200499a914cce3de4d456bfe9418c07e49a9d9b8e7e37bdee09f66d
Profile 1/Session Storage/000003.log,201,1785706250,388d04b582928fa762c4f79c15f902d4d813fbcc0f8496124b34ddd739e9c556
Profile 1/Session Storage/CURRENT,16,1785706234,0f1bad70c7bd1e0a69562853ec529355462fcd0423263a3d39d6d0d70b780443
Profile 1/Session Storage/LOCK,0,1785706234,e3b0c44298fc1c149afbf4c8996fb92427ae41e4649b934ca495991b7852b855
Profile 1/Session Storage/LOG,241,1785706234,5641352f3f9921c2f3e6182a8155dd25cbf117bef2277007374c9c12cba990c4
Profile 1/Session Storage/MANIFEST-000001,41,1785706234,f9d31b278e215eb0d0e9cd709edfa037e828f36214ab7906f612160fead4b2b4
Profile 1/Sessions/Session_13430179837430324,5820,1785706241,bb9fce6fa74e936045da01920d4478c907b07d3059cdeacb5bde053a6ee04027
Profile 1/Sessions/Tabs_13430179951242508,1730,1785706351,fb05bebe3a1558e1c26c990ab9444ee41feb3e534b0f1b18243eb47e432fcee5
Profile 1/Shared Dictionary/cache/index,24,1785706235,fbcfe23a2ecb82b7100c50811691dde0a33aa3da8d176be9882a9db485dc0f2d
Profile 1/Shared Dictionary/cache/index-dir/the-real-index,48,1785706235,2a168e6db196fcac9b3e4c8168bfee8495dae348eee39bef3fcc04b0a3045f44
Profile 1/Shared Dictionary/db,45056,1785706235,fbb86c665b2fed35c372ce8996eb1c4e31082aedd6ad5fc6086cfac889c3471b
Profile 1/Shared Dictionary/db-journal,0,1785706235,e3b0c44298fc1c149afbf4c8996fb92427ae41e4649b934ca495991b7852b855
Profile 1/Shortcuts,20480,1785706234,7766a9b60e33ceb16bfc581390f10a79361348e2271d02235c23f77b744d6b4d
Profile 1/Shortcuts-journal,0,1785706234,e3b0c44298fc1c149afbf4c8996fb92427ae41e4649b934ca495991b7852b855
Profile 1/Site Characteristics Database/000003.log,184,1785706351,d0750dd6b73f913cc7a4d7aef53f8094906635187020640ddc6d1037f03e2a11
Profile 1/Site Characteristics Database/CURRENT,16,1785706234,0f1bad70c7bd1e0a69562853ec529355462fcd0423263a3d39d6d0d70b780443
Profile 1/Site Characteristics Database/LOCK,0,1785706234,e3b0c44298fc1c149afbf4c8996fb92427ae41e4649b934ca495991b7852b855
Profile 1/Site Characteristics Database/LOG,269,1785706234,62b0cba6bed3883cc93b6b2195bbac4f1bb19d6d670cd6ed1ef5b4cf6040910c
Profile 1/Site Characteristics Database/MANIFEST-000001,41,1785706234,f9d31b278e215eb0d0e9cd709edfa037e828f36214ab7906f612160fead4b2b4
Profile 1/Storage/ext/nmmhkkegccagdldgiimedpiccmgmieda/def/Code Cache/js/5dea14b9816ec6d9_0,308,1785706236,165b1fea73fba9f3ae7086dbf829f15cb1aed0d73b76298714d9fc6263cb7612
Profile 1/Storage/ext/nmmhkkegccagdldgiimedpiccmgmieda/def/Code Cache/js/index,24,1785706236,fbcfe23a2ecb82b7100c50811691dde0a33aa3da8d176be9882a9db485dc0f2d
Profile 1/Storage/ext/nmmhkkegccagdldgiimedpiccmgmieda/def/Code Cache/js/index-dir/the-real-index,72,1785706256,b8b3d1e862150f72bb6c1c6fb17aacb54103e140bdf25437eec00a85e51aa455
Profile 1/Storage/ext/nmmhkkegccagdldgiimedpiccmgmieda/def/Code Cache/wasm/index,24,1785706236,fbcfe23a2ecb82b7100c50811691dde0a33aa3da8d176be9882a9db485dc0f2d
Profile 1/Storage/ext/nmmhkkegccagdldgiimedpiccmgmieda/def/Code Cache/wasm/index-dir/the-real-index,48,1785706236,66ce5a1f1de4aeeb83b9b7519d788e90cc18398446f1a554a5daa9526bd00196
Profile 1/Storage/ext/nmmhkkegccagdldgiimedpiccmgmieda/def/DawnGraphiteCache/data_0,8192,1785706236,d6a5fe39cd672781b256e0e3102f7022635f1d4bb7cfcc90a80fffe4d0f3877e
Profile 1/Storage/ext/nmmhkkegccagdldgiimedpiccmgmieda/def/DawnGraphiteCache/data_1,270336,1785706251,b1e963d702392fb7224786e7d56d43973e9b9efd1b89c17814d7c558ffc0cdec
Profile 1/Storage/ext/nmmhkkegccagdldgiimedpiccmgmieda/def/DawnGraphiteCache/data_2,8192,1785706236,ec1702806f4cc7c42a82fc2b38e89835fde7c64bb32060e0823c9077ca92efb7
Profile 1/Storage/ext/nmmhkkegccagdldgiimedpiccmgmieda/def/DawnGraphiteCache/data_3,8192,1785706236,e09f42c398d688dce168570291f1f92d079987deda3099a34adb9e8c0522b30c
Profile 1/Storage/ext/nmmhkkegccagdldgiimedpiccmgmieda/def/DawnGraphiteCache/index,262512,1785706236,eb3e0b53b1000d39386f1214f7a7d9822ac63197209612757007c735a07fde13
Profile 1/Storage/ext/nmmhkkegccagdldgiimedpiccmgmieda/def/DawnWebGPUCache/data_0,8192,1785706236,d6a5fe39cd672781b256e0e3102f7022635f1d4bb7cfcc90a80fffe4d0f3877e
Profile 1/Storage/ext/nmmhkkegccagdldgiimedpiccmgmieda/def/DawnWebGPUCache/data_1,270336,1785706251,b1e963d702392fb7224786e7d56d43973e9b9efd1b89c17814d7c558ffc0cdec
Profile 1/Storage/ext/nmmhkkegccagdldgiimedpiccmgmieda/def/DawnWebGPUCache/data_2,8192,1785706236,ec1702806f4cc7c42a82fc2b38e89835fde7c64bb32060e0823c9077ca92efb7
Profile 1/Storage/ext/nmmhkkegccagdldgiimedpiccmgmieda/def/DawnWebGPUCache/data_3,8192,1785706236,e09f42c398d688dce168570291f1f92d079987deda3099a34adb9e8c0522b30c
Profile 1/Storage/ext/nmmhkkegccagdldgiimedpiccmgmieda/def/DawnWebGPUCache/index,262512,1785706236,4b997c0f7fb0defe1601bbd92435435710d2fdb8100685f85534918a29d848d7
Profile 1/Storage/ext/nmmhkkegccagdldgiimedpiccmgmieda/def/GPUCache/data_0,8192,1785706236,d6a5fe39cd672781b256e0e3102f7022635f1d4bb7cfcc90a80fffe4d0f3877e
Profile 1/Storage/ext/nmmhkkegccagdldgiimedpiccmgmieda/def/GPUCache/data_1,270336,1785706251,b1e963d702392fb7224786e7d56d43973e9b9efd1b89c17814d7c558ffc0cdec
Profile 1/Storage/ext/nmmhkkegccagdldgiimedpiccmgmieda/def/GPUCache/data_2,8192,1785706236,ec1702806f4cc7c42a82fc2b38e89835fde7c64bb32060e0823c9077ca92efb7
Profile 1/Storage/ext/nmmhkkegccagdldgiimedpiccmgmieda/def/GPUCache/data_3,8192,1785706236,e09f42c398d688dce168570291f1f92d079987deda3099a34adb9e8c0522b30c
Profile 1/Storage/ext/nmmhkkegccagdldgiimedpiccmgmieda/def/GPUCache/index,262512,1785706236,799295ef5bae85258e37c6c6d61f33b1ab87bfab139d13f0c53679d9e1609172
Profile 1/Storage/ext/nmmhkkegccagdldgiimedpiccmgmieda/def/Local Storage/leveldb/000003.log,49,1785706296,af47b5d07d2f1aa55711e00774a429289267a82e604602df8fdd2c5047626159
Profile 1/Storage/ext/nmmhkkegccagdldgiimedpiccmgmieda/def/Local Storage/leveldb/CURRENT,16,1785706236,0f1bad70c7bd1e0a69562853ec529355462fcd0423263a3d39d6d0d70b780443
Profile 1/Storage/ext/nmmhkkegccagdldgiimedpiccmgmieda/def/Local Storage/leveldb/LOCK,0,1785706236,e3b0c44298fc1c149afbf4c8996fb92427ae41e4649b934ca495991b7852b855
Profile 1/Storage/ext/nmmhkkegccagdldgiimedpiccmgmieda/def/Local Storage/leveldb/LOG,351,1785706236,3f32012b2d515f1f3b514659a4c616bf2a8404987d8ea9d9b5214bdda2cdf139
Profile 1/Storage/ext/nmmhkkegccagdldgiimedpiccmgmieda/def/Local Storage/leveldb/MANIFEST-000001,41,1785706236,f9d31b278e215eb0d0e9cd709edfa037e828f36214ab7906f612160fead4b2b4
Profile 1/Storage/ext/nmmhkkegccagdldgiimedpiccmgmieda/def/Network Persistent State,59,1785706246,377223e23c7704c19d6f674c540698b8937e51d3a2f5ffbf2c90a3e65c4bcafc
Profile 1/Storage/ext/nmmhkkegccagdldgiimedpiccmgmieda/def/Session Storage/000003.log,49,1785706251,ffd700cf04be6fe8d51e2ffb8a2e37bc3fa95a6679a4102fa35e8494c2350eae
Profile 1/Storage/ext/nmmhkkegccagdldgiimedpiccmgmieda/def/Session Storage/CURRENT,16,1785706251,0f1bad70c7bd1e0a69562853ec529355462fcd0423263a3d39d6d0d70b780443
Profile 1/Storage/ext/nmmhkkegccagdldgiimedpiccmgmieda/def/Session Storage/LOCK,0,1785706251,e3b0c44298fc1c149afbf4c8996fb92427ae41e4649b934ca495991b7852b855
Profile 1/Storage/ext/nmmhkkegccagdldgiimedpiccmgmieda/def/Session Storage/LOG,339,1785706251,f00ab650d601c52755461d29d402e4961102172c4e323e1b953b9f5e07f5ce8d
Profile 1/Storage/ext/nmmhkkegccagdldgiimedpiccmgmieda/def/Session Storage/MANIFEST-000001,41,1785706251,f9d31b278e215eb0d0e9cd709edfa037e828f36214ab7906f612160fead4b2b4
Profile 1/Storage/ext/nmmhkkegccagdldgiimedpiccmgmieda/def/Shared Dictionary/cache/index,24,1785706236,fbcfe23a2ecb82b7100c50811691dde0a33aa3da8d176be9882a9db485dc0f2d
Profile 1/Storage/ext/nmmhkkegccagdldgiimedpiccmgmieda/def/Shared Dictionary/cache/index-dir/the-real-index,48,1785706236,897333073a303a2fea096853892c4060e60888145dde7c126e3c24c4096736ed
Profile 1/Storage/ext/nmmhkkegccagdldgiimedpiccmgmieda/def/Shared Dictionary/db,45056,1785706236,fbb86c665b2fed35c372ce8996eb1c4e31082aedd6ad5fc6086cfac889c3471b
Profile 1/Storage/ext/nmmhkkegccagdldgiimedpiccmgmieda/def/Shared Dictionary/db-journal,0,1785706236,e3b0c44298fc1c149afbf4c8996fb92427ae41e4649b934ca495991b7852b855
Profile 1/Storage/ext/nmmhkkegccagdldgiimedpiccmgmieda/def/Trust Tokens,36864,1785706236,8b5a62a399e316009e0c0ee1727ede327893d7f82f38a136e795422b3f9c333c
Profile 1/Storage/ext/nmmhkkegccagdldgiimedpiccmgmieda/def/Trust Tokens-journal,0,1785706236,e3b0c44298fc1c149afbf4c8996fb92427ae41e4649b934ca495991b7852b855
Profile 1/Storage/ext/nmmhkkegccagdldgiimedpiccmgmieda/def/declarative_performance_observer.db,32768,1785706236,610da3f204433431c7c0626b7488888cc40e732ebe759f6399a8ac348eb4ca25
Profile 1/Storage/ext/nmmhkkegccagdldgiimedpiccmgmieda/def/declarative_performance_observer.db-journal,0,1785706236,e3b0c44298fc1c149afbf4c8996fb92427ae41e4649b934ca495991b7852b855
Profile 1/Sync Data/LevelDB/000003.log,3110,1785706235,fa7de639029bde4ad8296cb485d3a7f30533d01e8dd2fff200285fdfe3777b46
Profile 1/Sync Data/LevelDB/CURRENT,16,1785706234,0f1bad70c7bd1e0a69562853ec529355462fcd0423263a3d39d6d0d70b780443
Profile 1/Sync Data/LevelDB/LOCK,0,1785706234,e3b0c44298fc1c149afbf4c8996fb92427ae41e4649b934ca495991b7852b855
Profile 1/Sync Data/LevelDB/LOG,245,1785706234,8b6b5e3ff2ac2418509a7d32b9da57ee16c553b69308995a13db3b0fb22f1c28
Profile 1/Sync Data/LevelDB/MANIFEST-000001,41,1785706234,f9d31b278e215eb0d0e9cd709edfa037e828f36214ab7906f612160fead4b2b4
Profile 1/Top Sites,20480,1785706235,24a57a960b1378987fbba77c308386afa61c104901e89df6df498414e1e46dcc
Profile 1/Top Sites-journal,0,1785706235,e3b0c44298fc1c149afbf4c8996fb92427ae41e4649b934ca495991b7852b855
Profile 1/Translate Ranker Model,2537,1785706235,e033c253a4c9acf28a6a79b1d97d244e834865a289b3445167f6f48bad81940b
Profile 1/Trust Tokens,36864,1785706235,8b5a62a399e316009e0c0ee1727ede327893d7f82f38a136e795422b3f9c333c
Profile 1/Trust Tokens-journal,0,1785706235,e3b0c44298fc1c149afbf4c8996fb92427ae41e4649b934ca495991b7852b855
Profile 1/Web Applications/Manifest Resources/aghbiahbpaijignceidepookljebhfak/Icons/128.png,10243,1785706235,36fa37d7b13869e4ab189350764cab7b7006f24dc85b8998dba7fe6d1a229da4
Profile 1/Web Applications/Manifest Resources/aghbiahbpaijignceidepookljebhfak/Icons/192.png,10103,1785706235,ec1370090506692a566f9572cf962fe24819c496793229adb93b4e25524bf625
Profile 1/Web Applications/Manifest Resources/aghbiahbpaijignceidepookljebhfak/Icons/256.png,30010,1785706235,7ca88ce2772a18613c1c30b8715bc435942cb8e112185515a342e282b449e8d5
Profile 1/Web Applications/Manifest Resources/aghbiahbpaijignceidepookljebhfak/Icons/32.png,1854,1785706235,efeb751507c77b56963b563705e3d20325805e332988bb3e48cd891e2dd11b3c
Profile 1/Web Applications/Manifest Resources/aghbiahbpaijignceidepookljebhfak/Icons/48.png,2982,1785706235,82fc9e7be1c1dc78bcca8c54db0fcd89e4658d542070b418b1d3f0c82e1a7389
Profile 1/Web Applications/Manifest Resources/aghbiahbpaijignceidepookljebhfak/Icons/64.png,4159,1785706235,88ee95cc4940438e85c0f103638c8bfc8f326bc25c7223c5f6455657b0fcb128
Profile 1/Web Applications/Manifest Resources/aghbiahbpaijignceidepookljebhfak/Icons/96.png,6955,1785706235,3d5cf5e1f10b583ed4f0bb84e82e5adef1dae546ff7befc7974d459ba807b542
Profile 1/Web Applications/Manifest Resources/aghbiahbpaijignceidepookljebhfak/Trusted Icons/Icons/128.png,10243,1785706235,36fa37d7b13869e4ab189350764cab7b7006f24dc85b8998dba7fe6d1a229da4
Profile 1/Web Applications/Manifest Resources/aghbiahbpaijignceidepookljebhfak/Trusted Icons/Icons/192.png,10103,1785706235,ec1370090506692a566f9572cf962fe24819c496793229adb93b4e25524bf625
Profile 1/Web Applications/Manifest Resources/aghbiahbpaijignceidepookljebhfak/Trusted Icons/Icons/256.png,30010,1785706235,7ca88ce2772a18613c1c30b8715bc435942cb8e112185515a342e282b449e8d5
Profile 1/Web Applications/Manifest Resources/aghbiahbpaijignceidepookljebhfak/Trusted Icons/Icons/32.png,1854,1785706235,efeb751507c77b56963b563705e3d20325805e332988bb3e48cd891e2dd11b3c
Profile 1/Web Applications/Manifest Resources/aghbiahbpaijignceidepookljebhfak/Trusted Icons/Icons/48.png,2982,1785706235,82fc9e7be1c1dc78bcca8c54db0fcd89e4658d542070b418b1d3f0c82e1a7389
Profile 1/Web Applications/Manifest Resources/aghbiahbpaijignceidepookljebhfak/Trusted Icons/Icons/64.png,4159,1785706235,88ee95cc4940438e85c0f103638c8bfc8f326bc25c7223c5f6455657b0fcb128
Profile 1/Web Applications/Manifest Resources/aghbiahbpaijignceidepookljebhfak/Trusted Icons/Icons/96.png,6955,1785706235,3d5cf5e1f10b583ed4f0bb84e82e5adef1dae546ff7befc7974d459ba807b542
Profile 1/Web Applications/Manifest Resources/agimnkijcaahngcdmfeangaknmldooml/Icons/128.png,10369,1785706235,21e62dd92c76155912fca7c320837039c05d087d2a6590e7637b9e82ce576947
Profile 1/Web Applications/Manifest Resources/agimnkijcaahngcdmfeangaknmldooml/Icons/192.png,7081,1785706235,62fa13461b5d8d6fb313a58ad0f60f461a80e68aefc1931755ffa4c2a8510fb6
Profile 1/Web Applications/Manifest Resources/agimnkijcaahngcdmfeangaknmldooml/Icons/256.png,26383,1785706235,b48e75f50a26c8a54b6aa4c2d866bba84e15035a9567cc7c51ab7ea2e29f367b
Profile 1/Web Applications/Manifest Resources/agimnkijcaahngcdmfeangaknmldooml/Icons/32.png,1572,1785706235,7cce326e62b1efd08d37bee0c3cd20258a2527e5b267a359c03240a76badced0
Profile 1/Web Applications/Manifest Resources/agimnkijcaahngcdmfeangaknmldooml/Icons/48.png,2572,1785706235,442bdbf96a0bbf2274f4f2a7a2a27bcf0e0851131284797df90bff59f738894d
Profile 1/Web Applications/Manifest Resources/agimnkijcaahngcdmfeangaknmldooml/Icons/64.png,3945,1785706235,6b2ff6fdec1a618e884b82acdff34292f05002959e1ccabf9c2723d383a47f98
Profile 1/Web Applications/Manifest Resources/agimnkijcaahngcdmfeangaknmldooml/Icons/96.png,7033,1785706235,8b45cd8893a8f096233044c28161139a3751b81f48751ad3bbc761f6db19f8d9
Profile 1/Web Applications/Manifest Resources/agimnkijcaahngcdmfeangaknmldooml/Trusted Icons/Icons/128.png,10369,1785706235,21e62dd92c76155912fca7c320837039c05d087d2a6590e7637b9e82ce576947
Profile 1/Web Applications/Manifest Resources/agimnkijcaahngcdmfeangaknmldooml/Trusted Icons/Icons/192.png,7081,1785706235,62fa13461b5d8d6fb313a58ad0f60f461a80e68aefc1931755ffa4c2a8510fb6
Profile 1/Web Applications/Manifest Resources/agimnkijcaahngcdmfeangaknmldooml/Trusted Icons/Icons/256.png,26383,1785706235,b48e75f50a26c8a54b6aa4c2d866bba84e15035a9567cc7c51ab7ea2e29f367b
Profile 1/Web Applications/Manifest Resources/agimnkijcaahngcdmfeangaknmldooml/Trusted Icons/Icons/32.png,1572,1785706235,7cce326e62b1efd08d37bee0c3cd20258a2527e5b267a359c03240a76badced0
Profile 1/Web Applications/Manifest Resources/agimnkijcaahngcdmfeangaknmldooml/Trusted Icons/Icons/48.png,2572,1785706235,442bdbf96a0bbf2274f4f2a7a2a27bcf0e0851131284797df90bff59f738894d
Profile 1/Web Applications/Manifest Resources/agimnkijcaahngcdmfeangaknmldooml/Trusted Icons/Icons/64.png,3945,1785706235,6b2ff6fdec1a618e884b82acdff34292f05002959e1ccabf9c2723d383a47f98
Profile 1/Web Applications/Manifest Resources/agimnkijcaahngcdmfeangaknmldooml/Trusted Icons/Icons/96.png,7033,1785706235,8b45cd8893a8f096233044c28161139a3751b81f48751ad3bbc761f6db19f8d9
Profile 1/Web Applications/Manifest Resources/fhihpiojkbmbpdjeoajapmgkhlnakfjf/Icons/128.png,7998,1785706235,f347cab07bc35efee9af2cd12d1759679c95ed4301ef9b26f63a3c3ca01b81a8
Profile 1/Web Applications/Manifest Resources/fhihpiojkbmbpdjeoajapmgkhlnakfjf/Icons/192.png,8310,1785706235,a40d5f045ad67b296abb8c3aedebad36d11de19c27ab991e0e27ec8cd5e09e18
Profile 1/Web Applications/Manifest Resources/fhihpiojkbmbpdjeoajapmgkhlnakfjf/Icons/256.png,22274,1785706235,f6a845fa0308781327f9f9f3f1d657a64348b50ed7c8613e69d76d7d2f8b8adc
Profile 1/Web Applications/Manifest Resources/fhihpiojkbmbpdjeoajapmgkhlnakfjf/Icons/32.png,1273,1785706235,61df75b6fe5027556482806e295bdb5d7720a51771bdcc1b377b70829b40f22c
Profile 1/Web Applications/Manifest Resources/fhihpiojkbmbpdjeoajapmgkhlnakfjf/Icons/48.png,2149,1785706235,a515ad281e595a9f3e1967a07b2bdf613f651cba1b048fa55e7ba86af0394f7a
Profile 1/Web Applications/Manifest Resources/fhihpiojkbmbpdjeoajapmgkhlnakfjf/Icons/64.png,2960,1785706235,42afb31349eebbfaa6289cf8a5c65288fb7b4cdff5cb99823e7f93a992629a3b
Profile 1/Web Applications/Manifest Resources/fhihpiojkbmbpdjeoajapmgkhlnakfjf/Icons/96.png,5149,1785706235,e1ea1bd9d66f0f7b550a43af33073cc80a270d2ec0cad510ccecb64e50d9c0ae
Profile 1/Web Applications/Manifest Resources/fhihpiojkbmbpdjeoajapmgkhlnakfjf/Trusted Icons/Icons/128.png,7998,1785706235,f347cab07bc35efee9af2cd12d1759679c95ed4301ef9b26f63a3c3ca01b81a8
Profile 1/Web Applications/Manifest Resources/fhihpiojkbmbpdjeoajapmgkhlnakfjf/Trusted Icons/Icons/192.png,8310,1785706235,a40d5f045ad67b296abb8c3aedebad36d11de19c27ab991e0e27ec8cd5e09e18
Profile 1/Web Applications/Manifest Resources/fhihpiojkbmbpdjeoajapmgkhlnakfjf/Trusted Icons/Icons/256.png,22274,1785706235,f6a845fa0308781327f9f9f3f1d657a64348b50ed7c8613e69d76d7d2f8b8adc
Profile 1/Web Applications/Manifest Resources/fhihpiojkbmbpdjeoajapmgkhlnakfjf/Trusted Icons/Icons/32.png,1273,1785706235,61df75b6fe5027556482806e295bdb5d7720a51771bdcc1b377b70829b40f22c
Profile 1/Web Applications/Manifest Resources/fhihpiojkbmbpdjeoajapmgkhlnakfjf/Trusted Icons/Icons/48.png,2149,1785706235,a515ad281e595a9f3e1967a07b2bdf613f651cba1b048fa55e7ba86af0394f7a
Profile 1/Web Applications/Manifest Resources/fhihpiojkbmbpdjeoajapmgkhlnakfjf/Trusted Icons/Icons/64.png,2960,1785706235,42afb31349eebbfaa6289cf8a5c65288fb7b4cdff5cb99823e7f93a992629a3b
Profile 1/Web Applications/Manifest Resources/fhihpiojkbmbpdjeoajapmgkhlnakfjf/Trusted Icons/Icons/96.png,5149,1785706235,e1ea1bd9d66f0f7b550a43af33073cc80a270d2ec0cad510ccecb64e50d9c0ae
Profile 1/Web Applications/Manifest Resources/fmgjjmmmlfnkbppncabfkddbjimcfncm/Icons/128.png,8591,1785706235,05043c90fd7c795f665f7d4374673857da8ba578ef01a9563cf81bf98410de57
Profile 1/Web Applications/Manifest Resources/fmgjjmmmlfnkbppncabfkddbjimcfncm/Icons/192.png,7564,1785706235,e77ddd838401a22545cde73bc8dadabfb059ea65ef0784836c7dc823ffbb587a
Profile 1/Web Applications/Manifest Resources/fmgjjmmmlfnkbppncabfkddbjimcfncm/Icons/256.png,21836,1785706235,02d9d896281e088a9ef8562cc1dce71ffba7db465f7379a0bb69ddf3dc2de52e
Profile 1/Web Applications/Manifest Resources/fmgjjmmmlfnkbppncabfkddbjimcfncm/Icons/32.png,1650,1785706235,4ef6af3958daea67637a1034e4ff3910360c34f8d5bba1bd15dcdf7078bc3c77
Profile 1/Web Applications/Manifest Resources/fmgjjmmmlfnkbppncabfkddbjimcfncm/Icons/48.png,2751,1785706235,c9a6445efb6b3ed818d1e703f82f6c0445b49efc69b1480c61cdb2944114f523
Profile 1/Web Applications/Manifest Resources/fmgjjmmmlfnkbppncabfkddbjimcfncm/Icons/64.png,3605,1785706235,e7e71e63123edd2441d670e4f27134615639e695670c3fd8e566706cc2c65654
Profile 1/Web Applications/Manifest Resources/fmgjjmmmlfnkbppncabfkddbjimcfncm/Icons/96.png,5693,1785706235,360654ce87e12eca80b384779ecfcf54f95d264c5e75d5b0a4c9f9304e7610c0
Profile 1/Web Applications/Manifest Resources/fmgjjmmmlfnkbppncabfkddbjimcfncm/Trusted Icons/Icons/128.png,8591,1785706235,05043c90fd7c795f665f7d4374673857da8ba578ef01a9563cf81bf98410de57
Profile 1/Web Applications/Manifest Resources/fmgjjmmmlfnkbppncabfkddbjimcfncm/Trusted Icons/Icons/192.png,7564,1785706235,e77ddd838401a22545cde73bc8dadabfb059ea65ef0784836c7dc823ffbb587a
Profile 1/Web Applications/Manifest Resources/fmgjjmmmlfnkbppncabfkddbjimcfncm/Trusted Icons/Icons/256.png,21836,1785706235,02d9d896281e088a9ef8562cc1dce71ffba7db465f7379a0bb69ddf3dc2de52e
Profile 1/Web Applications/Manifest Resources/fmgjjmmmlfnkbppncabfkddbjimcfncm/Trusted Icons/Icons/32.png,1650,1785706235,4ef6af3958daea67637a1034e4ff3910360c34f8d5bba1bd15dcdf7078bc3c77
Profile 1/Web Applications/Manifest Resources/fmgjjmmmlfnkbppncabfkddbjimcfncm/Trusted Icons/Icons/48.png,2751,1785706235,c9a6445efb6b3ed818d1e703f82f6c0445b49efc69b1480c61cdb2944114f523
Profile 1/Web Applications/Manifest Resources/fmgjjmmmlfnkbppncabfkddbjimcfncm/Trusted Icons/Icons/64.png,3605,1785706235,e7e71e63123edd2441d670e4f27134615639e695670c3fd8e566706cc2c65654
Profile 1/Web Applications/Manifest Resources/fmgjjmmmlfnkbppncabfkddbjimcfncm/Trusted Icons/Icons/96.png,5693,1785706235,360654ce87e12eca80b384779ecfcf54f95d264c5e75d5b0a4c9f9304e7610c0
Profile 1/Web Applications/Manifest Resources/kefjledonklijopmnomlcbpllchaibag/Icons/128.png,10085,1785706235,9ad3eeebc2ae8f90ce1d00941f4d471603af3c02e249bf756d248cbeeb37cc52
Profile 1/Web Applications/Manifest Resources/kefjledonklijopmnomlcbpllchaibag/Icons/192.png,10277,1785706235,f2d0468ecdf68d9b0ebf829d68ee1e2894c14358c40334342423fbb5ea8f7a57
Profile 1/Web Applications/Manifest Resources/kefjledonklijopmnomlcbpllchaibag/Icons/256.png,29566,1785706235,90f78b856899a392438857ef6a85c50fcd1d48dde01483a3764c06a95c3d419e
Profile 1/Web Applications/Manifest Resources/kefjledonklijopmnomlcbpllchaibag/Icons/32.png,1559,1785706235,56578e78a0175e9b89fef5927f9f41c7fdca566174daa7f47abbf8fb6d4afbd0
Profile 1/Web Applications/Manifest Resources/kefjledonklijopmnomlcbpllchaibag/Icons/48.png,2568,1785706235,d859584cdaacb63559fdc79dde2a585db9fe163eeafeaba3427e79755d78e079
Profile 1/Web Applications/Manifest Resources/kefjledonklijopmnomlcbpllchaibag/Icons/64.png,3642,1785706235,7c98c778ec28216e89c3d8bfa6cdf69580e9f9e5f4c5cdb886c865f928d4af4c
Profile 1/Web Applications/Manifest Resources/kefjledonklijopmnomlcbpllchaibag/Icons/96.png,6371,1785706235,9554b438be1edeb0dcd3b00833997fa872f0e278b6e86c74f595c474597c16d7
Profile 1/Web Applications/Manifest Resources/kefjledonklijopmnomlcbpllchaibag/Trusted Icons/Icons/128.png,10085,1785706235,9ad3eeebc2ae8f90ce1d00941f4d471603af3c02e249bf756d248cbeeb37cc52
Profile 1/Web Applications/Manifest Resources/kefjledonklijopmnomlcbpllchaibag/Trusted Icons/Icons/192.png,10277,1785706235,f2d0468ecdf68d9b0ebf829d68ee1e2894c14358c40334342423fbb5ea8f7a57
Profile 1/Web Applications/Manifest Resources/kefjledonklijopmnomlcbpllchaibag/Trusted Icons/Icons/256.png,29566,1785706235,90f78b856899a392438857ef6a85c50fcd1d48dde01483a3764c06a95c3d419e
Profile 1/Web Applications/Manifest Resources/kefjledonklijopmnomlcbpllchaibag/Trusted Icons/Icons/32.png,1559,1785706235,56578e78a0175e9b89fef5927f9f41c7fdca566174daa7f47abbf8fb6d4afbd0
Profile 1/Web Applications/Manifest Resources/kefjledonklijopmnomlcbpllchaibag/Trusted Icons/Icons/48.png,2568,1785706235,d859584cdaacb63559fdc79dde2a585db9fe163eeafeaba3427e79755d78e079
Profile 1/Web Applications/Manifest Resources/kefjledonklijopmnomlcbpllchaibag/Trusted Icons/Icons/64.png,3642,1785706235,7c98c778ec28216e89c3d8bfa6cdf69580e9f9e5f4c5cdb886c865f928d4af4c
Profile 1/Web Applications/Manifest Resources/kefjledonklijopmnomlcbpllchaibag/Trusted Icons/Icons/96.png,6371,1785706235,9554b438be1edeb0dcd3b00833997fa872f0e278b6e86c74f595c474597c16d7
Profile 1/Web Applications/Manifest Resources/mpnpojknpmmopombnjdcgaaiekajbnjb/Icons/128.png,7291,1785706235,d173f0e97e87ceec803e9be8d516c37ef220f50a1dfd292f079ba533e8ada701
Profile 1/Web Applications/Manifest Resources/mpnpojknpmmopombnjdcgaaiekajbnjb/Icons/192.png,7313,1785706235,99a6cf62c77486adceea84981408d4939f87f53d198d8fc9114a63ea1ac12275
Profile 1/Web Applications/Manifest Resources/mpnpojknpmmopombnjdcgaaiekajbnjb/Icons/256.png,21355,1785706235,251a227d8cd7d5e85e2c7a8a3de52804626bdab74096e0d38a0ed8183bf6f5c3
Profile 1/Web Applications/Manifest Resources/mpnpojknpmmopombnjdcgaaiekajbnjb/Icons/32.png,1288,1785706235,0eb5b575bc5ad0f0fe9e7747e7c8844397113e460ecb454780192355773d7265
Profile 1/Web Applications/Manifest Resources/mpnpojknpmmopombnjdcgaaiekajbnjb/Icons/48.png,2132,1785706235,b44887b22da066690f192fcf504c99a16f17588777de201db29ce0708149aba0
Profile 1/Web Applications/Manifest Resources/mpnpojknpmmopombnjdcgaaiekajbnjb/Icons/64.png,2921,1785706235,5bffe545e04d375416d4d974bf8fc6ec77d09963c16ce8eb4311e89f0c6b3815
Profile 1/Web Applications/Manifest Resources/mpnpojknpmmopombnjdcgaaiekajbnjb/Icons/96.png,4911,1785706235,a13946a861f936023fd5e11c19fafd29033c0fe26fabd8fe9a55459335e4eca3
Profile 1/Web Applications/Manifest Resources/mpnpojknpmmopombnjdcgaaiekajbnjb/Trusted Icons/Icons/128.png,7291,1785706235,d173f0e97e87ceec803e9be8d516c37ef220f50a1dfd292f079ba533e8ada701
Profile 1/Web Applications/Manifest Resources/mpnpojknpmmopombnjdcgaaiekajbnjb/Trusted Icons/Icons/192.png,7313,1785706235,99a6cf62c77486adceea84981408d4939f87f53d198d8fc9114a63ea1ac12275
Profile 1/Web Applications/Manifest Resources/mpnpojknpmmopombnjdcgaaiekajbnjb/Trusted Icons/Icons/256.png,21355,1785706235,251a227d8cd7d5e85e2c7a8a3de52804626bdab74096e0d38a0ed8183bf6f5c3
Profile 1/Web Applications/Manifest Resources/mpnpojknpmmopombnjdcgaaiekajbnjb/Trusted Icons/Icons/32.png,1288,1785706235,0eb5b575bc5ad0f0fe9e7747e7c8844397113e460ecb454780192355773d7265
Profile 1/Web Applications/Manifest Resources/mpnpojknpmmopombnjdcgaaiekajbnjb/Trusted Icons/Icons/48.png,2132,1785706235,b44887b22da066690f192fcf504c99a16f17588777de201db29ce0708149aba0
Profile 1/Web Applications/Manifest Resources/mpnpojknpmmopombnjdcgaaiekajbnjb/Trusted Icons/Icons/64.png,2921,1785706235,5bffe545e04d375416d4d974bf8fc6ec77d09963c16ce8eb4311e89f0c6b3815
Profile 1/Web Applications/Manifest Resources/mpnpojknpmmopombnjdcgaaiekajbnjb/Trusted Icons/Icons/96.png,4911,1785706235,a13946a861f936023fd5e11c19fafd29033c0fe26fabd8fe9a55459335e4eca3
Profile 1/Web Applications/Manifest Resources/pommaclcbfghclhalboakcipcmmndhcj/Icons/128.png,8958,1785706235,c4d6a0f6c263a4d611fd6ec65643b9844f6eb0c1c9c0ec64b2fa9fcaad149170
Profile 1/Web Applications/Manifest Resources/pommaclcbfghclhalboakcipcmmndhcj/Icons/192.png,6710,1785706235,b76aa025f0516496f80008232c3f1e9584cd74090ac50c0d67c89d619595e58d
Profile 1/Web Applications/Manifest Resources/pommaclcbfghclhalboakcipcmmndhcj/Icons/256.png,22941,1785706235,b989f789c07c6d8f103d42c1adbd90a2152e54ac006a4db4956be29e5b292e94
Profile 1/Web Applications/Manifest Resources/pommaclcbfghclhalboakcipcmmndhcj/Icons/32.png,1741,1785706235,d036530ce6b5320532f359ee4b96e5b2338f78640e91bcab10e7f2e637574240
Profile 1/Web Applications/Manifest Resources/pommaclcbfghclhalboakcipcmmndhcj/Icons/48.png,2790,1785706235,04ab9b9bb94719dffe4487c44a9b5d2386b56e5d34f4b26e0c6c9c0505d78f22
Profile 1/Web Applications/Manifest Resources/pommaclcbfghclhalboakcipcmmndhcj/Icons/64.png,3966,1785706235,09a66a69d37f7e99b104f442f878fd72e8fb3637eefba61987aaaa7a2a1cb185
Profile 1/Web Applications/Manifest Resources/pommaclcbfghclhalboakcipcmmndhcj/Icons/96.png,6314,1785706235,2561ac539473f6175a4387169cdf3237a7ac46dfa7de354b60d8f2c03e081e74
Profile 1/Web Applications/Manifest Resources/pommaclcbfghclhalboakcipcmmndhcj/Trusted Icons/Icons/128.png,8958,1785706235,c4d6a0f6c263a4d611fd6ec65643b9844f6eb0c1c9c0ec64b2fa9fcaad149170
Profile 1/Web Applications/Manifest Resources/pommaclcbfghclhalboakcipcmmndhcj/Trusted Icons/Icons/192.png,6710,1785706235,b76aa025f0516496f80008232c3f1e9584cd74090ac50c0d67c89d619595e58d
Profile 1/Web Applications/Manifest Resources/pommaclcbfghclhalboakcipcmmndhcj/Trusted Icons/Icons/256.png,22941,1785706235,b989f789c07c6d8f103d42c1adbd90a2152e54ac006a4db4956be29e5b292e94
Profile 1/Web Applications/Manifest Resources/pommaclcbfghclhalboakcipcmmndhcj/Trusted Icons/Icons/32.png,1741,1785706235,d036530ce6b5320532f359ee4b96e5b2338f78640e91bcab10e7f2e637574240
Profile 1/Web Applications/Manifest Resources/pommaclcbfghclhalboakcipcmmndhcj/Trusted Icons/Icons/48.png,2790,1785706235,04ab9b9bb94719dffe4487c44a9b5d2386b56e5d34f4b26e0c6c9c0505d78f22
Profile 1/Web Applications/Manifest Resources/pommaclcbfghclhalboakcipcmmndhcj/Trusted Icons/Icons/64.png,3966,1785706235,09a66a69d37f7e99b104f442f878fd72e8fb3637eefba61987aaaa7a2a1cb185
Profile 1/Web Applications/Manifest Resources/pommaclcbfghclhalboakcipcmmndhcj/Trusted Icons/Icons/96.png,6314,1785706235,2561ac539473f6175a4387169cdf3237a7ac46dfa7de354b60d8f2c03e081e74
Profile 1/Web Data,157696,1785706240,560207d639ee0e1b3530fa8d181202f97ee4d17e7a6eec56c4585d2aed26b297
Profile 1/Web Data-journal,0,1785706240,e3b0c44298fc1c149afbf4c8996fb92427ae41e4649b934ca495991b7852b855
Profile 1/WebStorage/QuotaManager,40960,1785706266,4685a3e5d4cf816ec7461e4d8f4aca10a2d10828ff00020d955fa7cd3eef0b0d
Profile 1/WebStorage/QuotaManager-journal,0,1785706266,e3b0c44298fc1c149afbf4c8996fb92427ae41e4649b934ca495991b7852b855
Profile 1/chrome_cart_db/LOCK,0,1785706234,e3b0c44298fc1c149afbf4c8996fb92427ae41e4649b934ca495991b7852b855
Profile 1/chrome_cart_db/LOG,0,1785706234,e3b0c44298fc1c149afbf4c8996fb92427ae41e4649b934ca495991b7852b855
Profile 1/commerce_subscription_db/LOCK,0,1785706234,e3b0c44298fc1c149afbf4c8996fb92427ae41e4649b934ca495991b7852b855
Profile 1/commerce_subscription_db/LOG,0,1785706234,e3b0c44298fc1c149afbf4c8996fb92427ae41e4649b934ca495991b7852b855
Profile 1/declarative_performance_observer.db,32768,1785706234,610da3f204433431c7c0626b7488888cc40e732ebe759f6399a8ac348eb4ca25
Profile 1/declarative_performance_observer.db-journal,0,1785706234,e3b0c44298fc1c149afbf4c8996fb92427ae41e4649b934ca495991b7852b855
Profile 1/discount_infos_db/LOCK,0,1785706234,e3b0c44298fc1c149afbf4c8996fb92427ae41e4649b934ca495991b7852b855
Profile 1/discount_infos_db/LOG,0,1785706234,e3b0c44298fc1c149afbf4c8996fb92427ae41e4649b934ca495991b7852b855
Profile 1/discounts_db/LOCK,0,1785706234,e3b0c44298fc1c149afbf4c8996fb92427ae41e4649b934ca495991b7852b855
Profile 1/discounts_db/LOG,0,1785706234,e3b0c44298fc1c149afbf4c8996fb92427ae41e4649b934ca495991b7852b855
Profile 1/engine_allowlist.bf,360,1785706234,63e82eb5c06b4c0057d99777bb9b9b8967a5629d20bf795a24448d79c24be281
Profile 1/heavy_ad_intervention_opt_out.db,16384,1785706234,d44b405304e372a3cf70f2dc1e68c727504a0f28fa186fef47b8450b1527ae68
Profile 1/heavy_ad_intervention_opt_out.db-journal,0,1785706234,e3b0c44298fc1c149afbf4c8996fb92427ae41e4649b934ca495991b7852b855
Profile 1/optimization_guide_hint_cache_store/LOCK,0,1785706234,e3b0c44298fc1c149afbf4c8996fb92427ae41e4649b934ca495991b7852b855
Profile 1/optimization_guide_hint_cache_store/LOG,0,1785706234,e3b0c44298fc1c149afbf4c8996fb92427ae41e4649b934ca495991b7852b855
Profile 1/parcel_tracking_db/LOCK,0,1785706234,e3b0c44298fc1c149afbf4c8996fb92427ae41e4649b934ca495991b7852b855
Profile 1/parcel_tracking_db/LOG,0,1785706234,e3b0c44298fc1c149afbf4c8996fb92427ae41e4649b934ca495991b7852b855
Profile 1/shared_proto_db/000003.log,12554,1785706276,1ec5d1f01e7baa863c0379d088a385529b3707716b9fd0f00d1d7588e80851bf
Profile 1/shared_proto_db/CURRENT,16,1785706235,0f1bad70c7bd1e0a69562853ec529355462fcd0423263a3d39d6d0d70b780443
Profile 1/shared_proto_db/LOCK,0,1785706235,e3b0c44298fc1c149afbf4c8996fb92427ae41e4649b934ca495991b7852b855
Profile 1/shared_proto_db/LOG,241,1785706235,e882c7696ea29db814bfb7aca00f94e00d0d3de5dc4dad524da84c0eb046a337
Profile 1/shared_proto_db/MANIFEST-000001,41,1785706235,f9d31b278e215eb0d0e9cd709edfa037e828f36214ab7906f612160fead4b2b4
Profile 1/shared_proto_db/metadata/000003.log,1050,1785706235,e00b190c5ef3266f1085efc41334ca04359a97cd0e94fd3be78a741c9e06de81
Profile 1/shared_proto_db/metadata/CURRENT,16,1785706235,0f1bad70c7bd1e0a69562853ec529355462fcd0423263a3d39d6d0d70b780443
Profile 1/shared_proto_db/metadata/LOCK,0,1785706235,e3b0c44298fc1c149afbf4c8996fb92427ae41e4649b934ca495991b7852b855
Profile 1/shared_proto_db/metadata/LOG,259,1785706235,a500dc5f2a4807b70ba862905d6411d25b257fa9af64ac3de93bbe8e34c173c2
Profile 1/shared_proto_db/metadata/MANIFEST-000001,41,1785706235,f9d31b278e215eb0d0e9cd709edfa037e828f36214ab7906f612160fead4b2b4
Profile 1/trusted_vault.pb,84,1785706235,b87bf305aafae1f1ec7dd947176c9529b2a9cbd4a3bf296fce25fc009e725366
SSLErrorAssistant/7/_metadata/verified_contents.json,1765,1785706278,a0bc246e8e160a9bb32fa60f4e7a04d148a17125f426509466031e07731fdf81
SSLErrorAssistant/7/manifest.json,76,1785706278,20b91160e2611d3159ad82857323febc906457756678ab73f305c3a1e399d18d
SSLErrorAssistant/7/ssl_error_assistant.pb,2816,1785706278,ac354a4723aaa4f06bec385ddde4a4d0983ad51456f52b31a8068ec97d5b5ea7
SafetyTips/3091/_metadata/verified_contents.json,1758,1785706284,6cc8b90820b5474238253b5c044555a7b646b1c76acd9068032e672b27dc7c76
SafetyTips/3091/manifest.json,72,1785706284,8541ddcefc17c421e19c9768a70c4772315795eac3268fd8820b0fb4f409720a
SafetyTips/3091/safety_tips.pb,184462,1785706284,3e2a292d081a583e0e612d9d7882898da20a966ee76c0a9162b271f8eb043360
Subresource Filter/Indexed Rules/38/9.70.0/Ruleset Data,249856,1785706272,09c38f49b3182f0a063309e5944ea15d9a037c2eef5b827c854dfd90f5e3d985
Subresource Filter/Unindexed Rules/9.70.0/Filtering Rules,156247,1785706272,6b7e98d71a5d85202f359344828ac98b03c41e5887a13189a053350ef3263a0f
Subresource Filter/Unindexed Rules/9.70.0/LICENSE.txt,24623,1785706272,1d4ff95ce9c6e21fe4a4ff3b41e7a0df88638dd449d909a7b46974d3dfab7311
Subresource Filter/Unindexed Rules/9.70.0/_metadata/verified_contents.json,1529,1785706272,119e109098fda2964c8c23805ba3c34e7a847e72a9df4fd0628081e8be857ec5
Subresource Filter/Unindexed Rules/9.70.0/manifest.json,114,1785706272,1991f6274702b221d5adb88607fce1ba5513fee6f9ae007b20d97e79a4cd409b
TrustTokenKeyCommitments/2026.3.23.1/LICENSE,1558,1785706274,3dbd2c90050b652d63656481c3e5871c52261575292db77d4ea63419f187a55b
TrustTokenKeyCommitments/2026.3.23.1/_metadata/verified_contents.json,1864,1785706274,c50e8b66b9c681cbc2fa16cb2d8fd7cc934df1a7863dcf4f0ebedf6a5b78638d
TrustTokenKeyCommitments/2026.3.23.1/keys.json,8756,1785706274,ae6e69a145f84c0a261b4e82888779fbf137f193881d687588e1af71609ae947
TrustTokenKeyCommitments/2026.3.23.1/manifest.json,79,1785706274,7ea98f2308a9c51d17a1ac71b64afbe2a41ff0a083a166a0e4cc428bf44f0715
Variations,85,1785706351,b26da4f8c7e283aa74386da0229d66af14a37986b8ca828e054fc932f68dd557
WasmTtsEngine/20260723.1/_metadata/verified_contents.json,2610,1785706287,9442deab35324e36f0d472d7080373e04fead58c3876acde5102a1a8dfc90b43
WasmTtsEngine/20260723.1/background_compiled.js,18781,1785706287,b43189588f47ec4db8fd31097c0a2d3c6cf032c81d3bde7de64c13559a9b1d27
WasmTtsEngine/20260723.1/bindings_main.js,243464,1785706287,64282f1c96900be05a0fcd1f84c437bc7219e01da8801272c3c518f36cb578ac
WasmTtsEngine/20260723.1/bindings_main.wasm,22944824,1785706287,678b16f3cf467ba9ef8cbdcedab0d56154a7962001542dfcaffa0ce96d1c7340
WasmTtsEngine/20260723.1/manifest.json,83,1785706287,c455fcb7dfcb4580edfcde569351ca809566cb765aa04a5dba3c3dfb69196cbe
WasmTtsEngine/20260723.1/offscreen.html,115,1785706287,90c94c10674d45fcf96eae555b55ab4c0250519850794d990d0e5a316596a1ec
WasmTtsEngine/20260723.1/offscreen_compiled.js,65551,1785706287,f87091d1732a2350da96bec1733b12602d72aee3117a4df6cbdc051fd17c1523
WasmTtsEngine/20260723.1/streaming_worklet_processor.js,2352,1785706287,aa543f45b3440d4fd1ec8bb5eaf5d165574e353848a7d3b32909d1e9e29ef61c
WasmTtsEngine/20260723.1/voices.json,49184,1785706287,2fe773e4d1680866c59525216aaf2badb64c2eca29d679feef68574fac9b6c76
WasmTtsEngine/20260723.1/wasm_tts_manifest_v3.json,1151,1785706287,32d7cfed6df3f0dd9d561c43f3cca697bc3399f3024a43a603d6e97801eb87e0
ZxcvbnData/3/_metadata/verified_contents.json,2437,1785706283,5d6bcb37f239a11bcdeebf2960594eb2c26af18244572c07412f7af4a975c168
ZxcvbnData/3/english_wikipedia.txt,277015,1785706283,b29af10c62218f948eb299e0c68b176ab1c5ecdfe9813bd957bf2c434e90813e
ZxcvbnData/3/female_names.txt,26708,1785706283,08346ad80d8d829fda1064485420da1e0771ba1e0dcd954252d43b61c5116aaf
ZxcvbnData/3/male_names.txt,6672,1785706283,34519e42ef61ea5eae6b9f74a735926c86ed8d1c19d21726da1af6039a66c688
ZxcvbnData/3/manifest.json,69,1785706283,aeb364b60303212808fac02eb490ee5b054ae843ce084376e5981ef8767e5198
ZxcvbnData/3/passwords.txt,241951,1785706283,f65b16793f0d335c87bf5bb4b19bcfc457462396169080b8c11a7c6f1d8b3731
ZxcvbnData/3/ranked_dicts,886570,1785706283,5820d0bf9cfc363ff929492b1eb6df430039f4ac0e212a5b5411f7c2614f79d0
ZxcvbnData/3/surnames.txt,76077,1785706283,3362648c77af4ee84a6383800fb5a5cb0493703d4bfc1557e05f315fc41b2699
ZxcvbnData/3/us_tv_and_film.txt,164290,1785706283,f146e15ecba3f37adcd7aa4fb23797555d1ab55489fbb0b989c60073f638aaa0
component_crx_cache/3eb16d6c28b502ac4cfee8f4a148df05f4d93229fa36a71db8b08d06329ff18a,5407,1785706278,3eb16d6c28b502ac4cfee8f4a148df05f4d93229fa36a71db8b08d06329ff18a
component_crx_cache/4448b37acb13eb51a842a8ebc85ea826729571c7293f2213d855d3a76cb9a4f8,2650095,1785706282,4448b37acb13eb51a842a8ebc85ea826729571c7293f2213d855d3a76cb9a4f8
component_crx_cache/545666a4efd056351597bb386aea1368105ededc976ed5650d8682daab9f37ff,878447,1785706283,545666a4efd056351597bb386aea1368105ededc976ed5650d8682daab9f37ff
component_crx_cache/56c21927faa028be6ce18c931660eec37e41da4bfbfd47cafa48350f828c0dbd,16701,1785706288,56c21927faa028be6ce18c931660eec37e41da4bfbfd47cafa48350f828c0dbd
component_crx_cache/6f684d84ae5dcaccdb9edc30aaa04d9fd5a915b5d68429e817b5cecfa9c45c1d,296383,1785706283,6f684d84ae5dcaccdb9edc30aaa04d9fd5a915b5d68429e817b5cecfa9c45c1d
component_crx_cache/733776833212346a1018b95197c61bed2d107fbb7790a985ef692780e02f31cb,184399,1785706272,733776833212346a1018b95197c61bed2d107fbb7790a985ef692780e02f31cb
component_crx_cache/7b05c14dba04ed522210b733f004cb0e74d7679a653b19bd029f9bc0e6b19903,12491,1785706285,7b05c14dba04ed522210b733f004cb0e74d7679a653b19bd029f9bc0e6b19903
component_crx_cache/95ff39d8ef1186d8b10dd3a57c6a4a426732b5fca36bdea4670fc4eb0f0b04b5,7929264,1785706273,95ff39d8ef1186d8b10dd3a57c6a4a426732b5fca36bdea4670fc4eb0f0b04b5
component_crx_cache/9bec6c2c0185d3305ac8495047a1aa01e725d58f8f18d219742a2988f07cd93a,188589,1785706284,9bec6c2c0185d3305ac8495047a1aa01e725d58f8f18d219742a2988f07cd93a
component_crx_cache/9f157bd09a986baa46110a0acb7e3d7407208e58d02250c637902962e5ed2c5e,11364,1785706282,9f157bd09a986baa46110a0acb7e3d7407208e58d02250c637902962e5ed2c5e
component_crx_cache/abd93867c038d4d17c101ace2226d7e21303d984d7097271392bae6be478495b,4817,1785706286,abd93867c038d4d17c101ace2226d7e21303d984d7097271392bae6be478495b
component_crx_cache/ae216724654f3e52d3c502328caf83f773e66cc5818c38850165864005a35169,4596,1785706288,ae216724654f3e52d3c502328caf83f773e66cc5818c38850165864005a35169
component_crx_cache/b7d5d5f2dff829172ebff2f8b31c8883bf1ee8e8872d25d35a9f508bfb8015a0,1597768,1785706280,b7d5d5f2dff829172ebff2f8b31c8883bf1ee8e8872d25d35a9f508bfb8015a0
component_crx_cache/c8c2fd0acdb7eecaf4f66d5164204c4e8e5ebbabb6398e0ee6ec6d8af71ea672,23331230,1785706287,c8c2fd0acdb7eecaf4f66d5164204c4e8e5ebbabb6398e0ee6ec6d8af71ea672
component_crx_cache/c9a5816cb8c42c8a0b6423d60db2dd18dad016b03a57d617117a43b35449dba2,571929,1785706276,c9a5816cb8c42c8a0b6423d60db2dd18dad016b03a57d617117a43b35449dba2
component_crx_cache/db4091def7a293b2d99bb68bdc56e0c7052a663aa529f9f0bd55a76a363c55ff,426862,1785706285,db4091def7a293b2d99bb68bdc56e0c7052a663aa529f9f0bd55a76a363c55ff
component_crx_cache/fd8fd38c229ab33755ff429ccc9919eba21b566551cbfb17d8e11e35e941ee0e,14634,1785706274,fd8fd38c229ab33755ff429ccc9919eba21b566551cbfb17d8e11e35e941ee0e
component_crx_cache/metadata.json,1916,1785706292,ccd5ec6f7f0702fa1de3fac6b29ebd788cb810df47799d62f9735f49a8858249
extensions_crx_cache/metadata.json,13,1785706221,2771d13c637c267132afff9db67537bef95708534b79ae8d954254c4e64e4e0f
first_party_sets.db,49152,1785706235,09a684193cfbfd6209d3e0e819ddfbdd18bf6af5f67fba1cf587560b2b85a902
first_party_sets.db-journal,0,1785706235,e3b0c44298fc1c149afbf4c8996fb92427ae41e4649b934ca495991b7852b855
optimization_guide_model_store/13/A3BFD4A403A877EC/20856D5BF87583AC/model-info.pb,10,1785706223,d8afb60d9cb1e3147efa0e59a172e0af9daa1771543f316f3221be176d9534af
optimization_guide_model_store/13/A3BFD4A403A877EC/20856D5BF87583AC/model.tflite,1219248,1785706223,3c88fd9805746be38b8d567b81dccee7c790ed17ca58902e69506b1e4c41fd3f
optimization_guide_model_store/15/A3BFD4A403A877EC/14D545F2E547D789/VERSION.txt,106,1785706223,176033a28b6257a40a7827eae8142610a7e42a7d67bc507512712c186d4612a4
optimization_guide_model_store/15/A3BFD4A403A877EC/14D545F2E547D789/model-info.pb,165,1785706223,00f81098848e728351ea9cd53ebf8300027d49a52213acc2e6df23b93332d089
optimization_guide_model_store/15/A3BFD4A403A877EC/14D545F2E547D789/model.tflite,2737464,1785706223,329b20f56d6438f20aef784d9bd7b686dd16550dc84967bb5be3dc0a1c29ce18
optimization_guide_model_store/15/A3BFD4A403A877EC/14D545F2E547D789/override_list.pb.gz,467851,1785706223,3ad86e3c79ac3361688f6f0f287a8fbbe83d68c40dd778024f50747bcf4c290b
optimization_guide_model_store/2/A3BFD4A403A877EC/3024519B2A6B3BA8/model-info.pb,12,1785706223,5887dcfba850053c7d4cc3897c84f73a96baf16e48e00b87eb1e6fbd8e5101e6
optimization_guide_model_store/2/A3BFD4A403A877EC/3024519B2A6B3BA8/model.tflite,392048,1785706223,a0956386dc64fd9f4883c8741f950cd60a56859616b159c9e4251c9eb0ac5534
optimization_guide_model_store/20/A3BFD4A403A877EC/5104BC45D9D164CB/model-info.pb,164,1785706223,fd9510efa2478b1709fa685f2c51c4517225ec618971819c808d64c8c49f6c9a
optimization_guide_model_store/20/A3BFD4A403A877EC/5104BC45D9D164CB/model.tflite,31520,1785706223,e8c55250b30a5999403e9b7ad1031223ca3297e2a79de5bd169581f734691eab
optimization_guide_model_store/24/A3BFD4A403A877EC/B07C08A09DDA4352/enus_denylist_encoded_241007.txt,8000,1785706223,10c8ff7aa63c4a53d8737ff0d432ca406eea1f02b9c57122e155491498a71bd0
optimization_guide_model_store/24/A3BFD4A403A877EC/B07C08A09DDA4352/model-info.pb,176,1785706223,6afefce5beb3c49339ceb42d6d01e5a96bfcb62162988ed775eb4e8f6a83a5b4
optimization_guide_model_store/24/A3BFD4A403A877EC/B07C08A09DDA4352/model.tflite,4602152,1785706223,b7de6a063847c456e8ddfa668e4f731861f82cfb95bcad9909e9f604ed62d633
optimization_guide_model_store/24/A3BFD4A403A877EC/B07C08A09DDA4352/vocab_en-us.txt,1008,1785706223,b00a8ae348e6e4f12c3410ba71ed3547764432d21f737b51f7100e5ae7ff0bd3
optimization_guide_model_store/25/A3BFD4A403A877EC/ECC94702BB32FF39/model-info.pb,146,1785706224,51f2000516ddcfb407f7595409a75b3eb88cf236ed9d5d2c432c4b3ad3bfb8de
optimization_guide_model_store/25/A3BFD4A403A877EC/ECC94702BB32FF39/model.tflite,180520,1785706224,498e3205bf85da0a8f8b57e292d4bd12b31d691e04039c04bedcde75d1ea7459
optimization_guide_model_store/25/A3BFD4A403A877EC/ECC94702BB32FF39/visual_model_desktop.tflite,3452826,1785706224,eaea1c7eeb2af4fcb59c7db541df61057c4ccdb8a4d4f70af75776d70aa1850c
optimization_guide_model_store/26/A3BFD4A403A877EC/222E6C40DEDA5A21/model-info.pb,416,1785706223,df5ace9343b9c960993fd8d97a3911d6cdfc2531ecd36d4bba32fef89dd46db3
optimization_guide_model_store/26/A3BFD4A403A877EC/222E6C40DEDA5A21/model.tflite,7112,1785706223,92e81784c55f74000441d25a29c895b19ca1bd53efe0177ce3c27fbdb7869fa1
optimization_guide_model_store/43/A3BFD4A403A877EC/496CD3F74A2B45B7/model-info.pb,138,1785706224,76710ebdc60b1488efd8da877e7597beed852f805a7043697faa92282c65c74d
optimization_guide_model_store/43/A3BFD4A403A877EC/496CD3F74A2B45B7/model.tflite,36778224,1785706224,bbc7dc1ae142e321b07749bc824f487c199334f6cfc567166ce8e2e58bd955a4
optimization_guide_model_store/43/A3BFD4A403A877EC/496CD3F74A2B45B7/sentencepiece.model,794346,1785706224,839ffa4b9afae8d77834a88b87781849aa021975d6063dec6085633fcaf7171c
optimization_guide_model_store/45/A3BFD4A403A877EC/D60ECE1938A4FFA4/model-info.pb,7104,1785706224,fab8e53a41540b352b8d58f37f23dc464ac8e0ecc47f65bd5f4be34df792c2e3
optimization_guide_model_store/45/A3BFD4A403A877EC/D60ECE1938A4FFA4/model.tflite,131736,1785706224,4c897707a45592774ffc4c65b207589efee2f1667798f96b4e37245047466e3e
optimization_guide_model_store/9/A3BFD4A403A877EC/B61D44CC253D7B72/model-info.pb,164,1785706223,804b149ba8918e68e78c25d262ba95118b4088e0cf06bf9c9dd821bfc8815dca
optimization_guide_model_store/9/A3BFD4A403A877EC/B61D44CC253D7B72/model.tflite,31520,1785706223,21ecf18a9eb18a66870208035d857a536d6d714e0eec47a86d316ade56bb90a4
segmentation_platform/ukm_db,49152,1785706351,03c8e3e0cb4f8d992f831d3568d2120405bc16654f034d1751077ca57121a73f
